message_id,token_idx,token,pos,tag_,dep,lemma,is_ent,bio_tag
KG_00001,0,People,NOUN,NNS,nsubjpass,people,0,O
KG_00001,1,are,AUX,VBP,auxpass,be,0,O
KG_00001,2,trapped,VERB,VBN,ROOT,trap,0,O
KG_00001,3,near,ADP,IN,prep,near,0,O
KG_00001,4,the,DET,DT,det,the,0,O
KG_00001,5,downtown,NOUN,NN,compound,downtown,0,O
KG_00001,6,bridge,NOUN,NN,pobj,bridge,0,B-LOC
KG_00001,7,",",PUNCT,",",punct,",",0,O
KG_00001,8,need,VERB,VBP,conj,need,0,B-ACT
KG_00001,9,boats,NOUN,NNS,dobj,boat,0,I-ACT
KG_00001,10,immediately,ADV,RB,advmod,immediately,0,I-ACT
KG_00002,0,Send,VERB,VB,advcl,send,0,B-ACT
KG_00002,1,rescue,NOUN,NN,compound,rescue,0,B-ACT
KG_00002,2,teams,NOUN,NNS,dobj,team,0,I-ACT
KG_00002,3,to,ADP,IN,prep,to,0,O
KG_00002,4,Riverside,PROPN,NNP,compound,riverside,0,O
KG_00002,5,Colony,PROPN,NNP,compound,colony,0,O
KG_00002,6,area,NOUN,NN,pobj,area,0,B-LOC
KG_00002,7,",",PUNCT,",",punct,",",0,O
KG_00002,8,flooding,NOUN,NN,nsubj,flooding,0,O
KG_00002,9,is,AUX,VBZ,ROOT,be,0,O
KG_00002,10,severe,ADJ,JJ,acomp,severe,0,O
KG_00003,0,Our,PRON,PRP$,poss,our,0,O
KG_00003,1,house,NOUN,NN,nsubjpass,house,0,O
KG_00003,2,in,ADP,IN,prep,in,0,O
KG_00003,3,Sector,PROPN,NNP,pobj,sector,0,B-LOC
KG_00003,4,12,NUM,CD,nummod,12,0,I-LOC
KG_00003,5,Noida,PROPN,NNP,appos,noida,0,I-LOC
KG_00003,6,is,AUX,VBZ,auxpass,be,0,O
KG_00003,7,submerged,VERB,VBN,ccomp,submerge,0,O
KG_00003,8,",",PUNCT,",",punct,",",0,O
KG_00003,9,please,INTJ,UH,intj,please,0,O
KG_00003,10,send,VERB,VB,ROOT,send,0,B-ACT
KG_00003,11,help,NOUN,NN,dobj,help,0,B-ACT
KG_00003,12,urgently,ADV,RB,advmod,urgently,0,B-ACT
KG_00004,0,Flood,NOUN,NN,compound,flood,0,O
KG_00004,1,waters,NOUN,NNS,nsubj,water,0,O
KG_00004,2,rising,VERB,VBG,advcl,rise,0,O
KG_00004,3,near,ADP,IN,prep,near,0,O
KG_00004,4,Oak,PROPN,NNP,compound,oak,1,B-LOC
KG_00004,5,Street,PROPN,NNP,pobj,street,1,I-LOC
KG_00004,6,",",PUNCT,",",punct,",",0,O
KG_00004,7,families,NOUN,NNS,nsubj,family,0,O
KG_00004,8,need,VERB,VBP,ROOT,need,0,B-ACT
KG_00004,9,evacuation,NOUN,NN,dobj,evacuation,0,I-ACT
KG_00004,10,NOW,ADV,RB,advmod,now,0,I-ACT
KG_00005,0,SOS,PROPN,NNP,nsubj,sos,1,B-LOC
KG_00005,1,from,ADP,IN,prep,from,0,O
KG_00005,2,Lakeview,PROPN,NNP,compound,lakeview,1,B-LOC
KG_00005,3,apartments,NOUN,NNS,pobj,apartment,0,I-LOC
KG_00005,4,",",PUNCT,",",punct,",",0,O
KG_00005,5,ground,NOUN,NN,compound,ground,0,O
KG_00005,6,floor,NOUN,NN,nsubj,floor,0,O
KG_00005,7,flooded,VERB,VBD,parataxis,flood,0,O
KG_00005,8,",",PUNCT,",",punct,",",0,O
KG_00005,9,require,VERB,VBP,ROOT,require,0,B-ACT
KG_00005,10,medical,ADJ,JJ,amod,medical,0,I-ACT
KG_00005,11,aid,NOUN,NN,dobj,aid,0,I-ACT
KG_00006,0,Highway,NOUN,NN,nsubj,highway,0,B-LOC
KG_00006,1,44,NUM,CD,nummod,44,0,I-LOC
KG_00006,2,near,ADP,IN,prep,near,0,O
KG_00006,3,Rampur,PROPN,NNP,pobj,rampur,1,B-LOC
KG_00006,4,completely,ADV,RB,advmod,completely,0,O
KG_00006,5,blocked,VERB,VBN,acl,block,0,O
KG_00006,6,by,ADP,IN,agent,by,0,O
KG_00006,7,flood,NOUN,NN,pobj,flood,0,B-LOC
KG_00006,8,",",PUNCT,",",punct,",",0,O
KG_00006,9,send,VERB,VBP,ROOT,send,0,B-ACT
KG_00006,10,bulldozers,NOUN,NNS,dobj,bulldozer,0,I-ACT
KG_00007,0,Villages,NOUN,NNS,nsubj,village,0,B-LOC
KG_00007,1,along,ADP,IN,prep,along,0,O
KG_00007,2,Chambal,PROPN,NNP,compound,chambal,1,B-LOC
KG_00007,3,river,NOUN,NN,pobj,river,0,I-LOC
KG_00007,4,cut,VERB,VBD,ROOT,cut,0,O
KG_00007,5,off,ADP,RP,prt,off,0,O
KG_00007,6,",",PUNCT,",",punct,",",0,O
KG_00007,7,need,VERB,VB,conj,need,0,B-ACT
KG_00007,8,food,NOUN,NN,dobj,food,0,I-ACT
KG_00007,9,and,CCONJ,CC,cc,and,0,O
KG_00007,10,medicine,NOUN,NN,conj,medicine,0,O
KG_00007,11,immediately,ADV,RB,advmod,immediately,0,O
KG_00008,0,Majuli,PROPN,NNP,compound,majuli,1,B-LOC
KG_00008,1,island,NOUN,NN,compound,island,0,I-LOC
KG_00008,2,Assam,PROPN,NNP,nsubj,assam,1,B-LOC
KG_00008,3,",",PUNCT,",",punct,",",0,O
KG_00008,4,5000,NUM,CD,nummod,5000,0,O
KG_00008,5,people,NOUN,NNS,nsubj,people,0,O
KG_00008,6,stranded,VERB,VBN,ROOT,strand,0,O
KG_00008,7,",",PUNCT,",",punct,",",0,O
KG_00008,8,need,VERB,VBP,conj,need,0,B-ACT
KG_00008,9,helicopter,NOUN,NN,compound,helicopter,0,I-ACT
KG_00008,10,rescue,NOUN,NN,dobj,rescue,0,B-ACT
KG_00009,0,Flash,NOUN,NN,compound,flash,0,O
KG_00009,1,floods,NOUN,NNS,nsubj,flood,0,O
KG_00009,2,in,ADP,IN,prep,in,0,O
KG_00009,3,Coorg,PROPN,NNP,compound,coorg,1,B-LOC
KG_00009,4,Karnataka,PROPN,NNP,pobj,karnataka,1,I-LOC
KG_00009,5,",",PUNCT,",",punct,",",0,O
KG_00009,6,roads,NOUN,NNS,nsubj,road,0,B-LOC
KG_00009,7,washed,VERB,VBD,ROOT,wash,0,O
KG_00009,8,away,ADP,RP,advmod,away,0,O
KG_00009,9,",",PUNCT,",",punct,",",0,O
KG_00009,10,send,VERB,VB,conj,send,0,B-ACT
KG_00009,11,NDRF,PROPN,NNP,dobj,ndrf,1,B-LOC
KG_00010,0,Water,NOUN,NN,compound,water,0,O
KG_00010,1,level,NOUN,NN,nsubj,level,0,O
KG_00010,2,rising,VERB,VBG,ROOT,rise,0,O
KG_00010,3,at,ADP,IN,prep,at,0,O
KG_00010,4,Gandhi,PROPN,NNP,compound,gandhi,1,B-LOC
KG_00010,5,Nagar,PROPN,NNP,compound,nagar,1,I-LOC
KG_00010,6,bus,NOUN,NN,compound,bus,0,I-LOC
KG_00010,7,stand,NOUN,NN,pobj,stand,0,I-LOC
KG_00010,8,",",PUNCT,",",punct,",",0,O
KG_00010,9,evacuation,NOUN,NN,conj,evacuation,0,O
KG_00010,10,needed,VERB,VBN,acl,need,0,B-ACT
KG_00011,0,Families,NOUN,NNS,nsubj,family,0,O
KG_00011,1,stranded,VERB,VBN,acl,strand,0,O
KG_00011,2,on,ADP,IN,prep,on,0,O
KG_00011,3,rooftops,NOUN,NNS,pobj,rooftop,0,O
KG_00011,4,near,ADP,IN,prep,near,0,O
KG_00011,5,Wellington,PROPN,NNP,compound,wellington,1,B-LOC
KG_00011,6,Bridge,PROPN,NNP,pobj,bridge,1,I-LOC
KG_00011,7,",",PUNCT,",",punct,",",0,O
KG_00011,8,send,VERB,VBP,ROOT,send,0,B-ACT
KG_00011,9,boats,NOUN,NNS,dobj,boat,0,I-ACT
KG_00012,0,Brahmaputra,ADJ,JJ,compound,brahmaputra,1,B-LOC
KG_00012,1,overflowing,NOUN,NN,advcl,overflowing,0,O
KG_00012,2,near,ADP,IN,prep,near,0,O
KG_00012,3,Dibrugarh,PROPN,NNP,pobj,dibrugarh,1,B-LOC
KG_00012,4,",",PUNCT,",",punct,",",0,O
KG_00012,5,medical,ADJ,JJ,amod,medical,0,O
KG_00012,6,camps,NOUN,NNS,nsubj,camp,0,B-LOC
KG_00012,7,needed,VERB,VBD,ROOT,need,0,O
KG_00012,8,urgently,ADV,RB,advmod,urgently,0,B-ACT
KG_00013,0,300,NUM,CD,nummod,300,0,O
KG_00013,1,people,NOUN,NNS,nsubj,people,0,O
KG_00013,2,trapped,VERB,VBN,acl,trap,0,O
KG_00013,3,at,ADP,IN,prep,at,0,O
KG_00013,4,community,NOUN,NN,compound,community,0,B-LOC
KG_00013,5,hall,NOUN,NN,pobj,hall,0,I-LOC
KG_00013,6,near,ADP,IN,prep,near,0,O
KG_00013,7,Metro,PROPN,NNP,compound,metro,1,B-LOC
KG_00013,8,Park,PROPN,NNP,pobj,park,1,I-LOC
KG_00013,9,",",PUNCT,",",punct,",",0,O
KG_00013,10,need,VERB,VBP,ROOT,need,0,B-ACT
KG_00013,11,rescue,NOUN,NN,dobj,rescue,0,B-ACT
KG_00014,0,Road,NOUN,NN,nsubj,road,0,B-LOC
KG_00014,1,to,ADP,IN,prep,to,0,O
KG_00014,2,Badrinath,PROPN,NNP,compound,badrinath,0,O
KG_00014,3,temple,NOUN,NN,pobj,temple,0,O
KG_00014,4,completely,ADV,RB,advmod,completely,0,O
KG_00014,5,submerged,VERB,VBN,acl,submerge,0,O
KG_00014,6,",",PUNCT,",",punct,",",0,O
KG_00014,7,pilgrims,VERB,VBZ,ROOT,pilgrim,0,B-ACT
KG_00014,8,need,VERB,VBP,ccomp,need,0,B-ACT
KG_00014,9,help,NOUN,NN,dobj,help,0,B-ACT
KG_00015,0,Request,NOUN,NN,nmod,request,0,B-ACT
KG_00015,1,immediate,ADJ,JJ,amod,immediate,0,I-ACT
KG_00015,2,assistance,NOUN,NN,nsubj,assistance,0,I-ACT
KG_00015,3,at,ADP,IN,prep,at,0,O
KG_00015,4,Tilak,PROPN,NNP,compound,tilak,1,B-LOC
KG_00015,5,Nagar,PROPN,NNP,compound,nagar,1,I-LOC
KG_00015,6,drainage,NOUN,NN,compound,drainage,0,I-LOC
KG_00015,7,area,NOUN,NN,pobj,area,0,I-LOC
KG_00015,8,",",PUNCT,",",punct,",",0,O
KG_00015,9,flooding,VERB,VBG,ROOT,flood,0,O
KG_00016,0,Emergency,NOUN,NN,nsubj,emergency,0,B-ACT
KG_00016,1,at,ADP,IN,prep,at,0,O
KG_00016,2,Yamuna,PROPN,NNP,pobj,yamuna,1,B-LOC
KG_00016,3,floodplain,NOUN,NN,nsubj,floodplain,0,O
KG_00016,4,near,ADP,IN,prep,near,0,O
KG_00016,5,Kalindi,PROPN,NNP,compound,kalindi,1,B-LOC
KG_00016,6,Kunj,PROPN,NNP,compound,kunj,1,I-LOC
KG_00016,7,bridge,NOUN,NN,pobj,bridge,0,I-LOC
KG_00016,8,",",PUNCT,",",punct,",",0,O
KG_00016,9,send,VERB,VBP,ROOT,send,0,B-ACT
KG_00016,10,boats,NOUN,NNS,dobj,boat,0,I-ACT
KG_00017,0,Multiple,ADJ,JJ,amod,multiple,0,O
KG_00017,1,families,NOUN,NNS,nsubj,family,0,O
KG_00017,2,stuck,VERB,VBD,ROOT,stick,0,O
KG_00017,3,at,ADP,IN,prep,at,0,O
KG_00017,4,Rani,PROPN,NNP,compound,rani,1,B-LOC
KG_00017,5,Bagh,PROPN,NNP,compound,bagh,1,I-LOC
KG_00017,6,area,NOUN,NN,pobj,area,0,I-LOC
KG_00017,7,",",PUNCT,",",punct,",",0,O
KG_00017,8,require,VERB,VBP,conj,require,0,B-ACT
KG_00017,9,food,NOUN,NN,dobj,food,0,I-ACT
KG_00017,10,and,CCONJ,CC,cc,and,0,O
KG_00017,11,water,NOUN,NN,conj,water,0,O
KG_00018,0,Flood,ADJ,JJ,compound,flood,0,O
KG_00018,1,victims,NOUN,NNS,nsubj,victim,0,O
KG_00018,2,in,ADP,IN,prep,in,0,O
KG_00018,3,Vaishali,PROPN,NNP,compound,vaishali,1,B-LOC
KG_00018,4,Nagar,PROPN,NNP,compound,nagar,1,I-LOC
KG_00018,5,Guwahati,PROPN,NNP,pobj,guwahati,1,I-LOC
KG_00018,6,need,VERB,VBP,ROOT,need,0,O
KG_00018,7,immediate,ADJ,JJ,amod,immediate,0,O
KG_00018,8,rescue,NOUN,NN,dobj,rescue,0,B-ACT
KG_00019,0,Swollen,PROPN,NNP,compound,swollen,0,O
KG_00019,1,river,NOUN,NN,nsubj,river,0,B-LOC
KG_00019,2,near,ADP,IN,prep,near,0,O
KG_00019,3,Rishikesh,PROPN,NNP,pobj,rishikesh,0,B-LOC
KG_00019,4,threatens,VERB,VBZ,ROOT,threaten,0,O
KG_00019,5,ashram,ADJ,JJ,compound,ashram,0,O
KG_00019,6,colony,NOUN,NN,dobj,colony,0,O
KG_00019,7,",",PUNCT,",",punct,",",0,O
KG_00019,8,help,VERB,VB,conj,help,0,B-ACT
KG_00019,9,needed,VERB,VBN,xcomp,need,0,B-ACT
KG_00020,0,Rescue,NOUN,NN,nsubj,rescue,0,B-ACT
KG_00020,1,required,VERB,VBN,acl,require,0,B-ACT
KG_00020,2,at,ADP,IN,prep,at,0,O
KG_00020,3,Velachery,PROPN,NNP,npadvmod,velachery,1,B-LOC
KG_00020,4,waterlogged,VERB,VBN,amod,waterlogge,0,O
KG_00020,5,area,NOUN,NN,compound,area,0,O
KG_00020,6,Chennai,PROPN,NNP,pobj,chennai,1,B-LOC
KG_00020,7,",",PUNCT,",",punct,",",0,O
KG_00020,8,boats,NOUN,NNS,nsubj,boat,0,O
KG_00020,9,needed,VERB,VBD,ROOT,need,0,B-ACT
KG_00021,0,Earthquake,NOUN,NN,nsubj,earthquake,0,O
KG_00021,1,struck,VERB,VBD,ccomp,strike,0,O
KG_00021,2,downtown,NOUN,NN,compound,downtown,0,O
KG_00021,3,area,NOUN,NN,dobj,area,0,O
KG_00021,4,",",PUNCT,",",punct,",",0,O
KG_00021,5,buildings,NOUN,NNS,nsubj,building,0,O
KG_00021,6,collapsed,VERB,VBD,ROOT,collapse,0,O
KG_00021,7,near,ADP,IN,prep,near,0,O
KG_00021,8,Main,PROPN,NNP,compound,main,1,B-LOC
KG_00021,9,Square,PROPN,NNP,pobj,square,1,I-LOC
KG_00022,0,Tremors,NOUN,NNS,nsubj,tremor,0,O
KG_00022,1,in,ADP,IN,prep,in,0,O
KG_00022,2,Imphal,PROPN,NNP,compound,imphal,1,B-LOC
KG_00022,3,West,PROPN,NNP,compound,west,1,B-LOC
KG_00022,4,Manipur,PROPN,NNP,pobj,manipur,1,I-LOC
KG_00022,5,",",PUNCT,",",punct,",",0,O
KG_00022,6,need,VERB,VBP,ROOT,need,0,B-ACT
KG_00022,7,rescue,NOUN,NN,compound,rescue,0,B-ACT
KG_00022,8,teams,NOUN,NNS,dobj,team,0,I-ACT
KG_00022,9,immediately,ADV,RB,advmod,immediately,0,I-ACT
KG_00023,0,Quake,NOUN,NN,nsubj,quake,0,O
KG_00023,1,devastated,VERB,VBD,ROOT,devastate,0,O
KG_00023,2,Chamoli,PROPN,NNP,compound,chamoli,1,B-LOC
KG_00023,3,district,NOUN,NN,dobj,district,0,I-LOC
KG_00023,4,",",PUNCT,",",punct,",",0,O
KG_00023,5,send,VERB,VB,conj,send,0,B-ACT
KG_00023,6,NDRF,PROPN,NNP,nmod,ndrf,1,B-LOC
KG_00023,7,and,CCONJ,CC,cc,and,0,O
KG_00023,8,medical,ADJ,JJ,conj,medical,0,O
KG_00023,9,teams,NOUN,NNS,dobj,team,0,O
KG_00024,0,People,NOUN,NNS,ROOT,people,0,O
KG_00024,1,trapped,VERB,VBN,acl,trap,0,O
KG_00024,2,under,ADP,IN,prep,under,0,O
KG_00024,3,rubble,NOUN,NN,pobj,rubble,0,O
KG_00024,4,at,ADP,IN,prep,at,0,O
KG_00024,5,Joshimath,PROPN,NNP,compound,joshimath,1,B-LOC
KG_00024,6,colony,NOUN,NN,pobj,colony,0,I-LOC
KG_00024,7,",",PUNCT,",",punct,",",0,O
KG_00024,8,heavy,ADJ,JJ,amod,heavy,0,O
KG_00024,9,equipment,NOUN,NN,appos,equipment,0,O
KG_00024,10,needed,VERB,VBD,acl,need,0,B-ACT
KG_00025,0,Building,NOUN,NN,nsubj,building,0,O
KG_00025,1,collapsed,VERB,VBD,ROOT,collapse,0,O
KG_00025,2,in,ADP,IN,prep,in,0,O
KG_00025,3,Uttarkashi,PROPN,NNP,compound,uttarkashi,1,B-LOC
KG_00025,4,town,NOUN,NN,pobj,town,0,I-LOC
KG_00025,5,",",PUNCT,",",punct,",",0,O
KG_00025,6,many,ADJ,JJ,nsubj,many,0,O
KG_00025,7,injured,VERB,VBN,advcl,injure,0,O
KG_00025,8,",",PUNCT,",",punct,",",0,O
KG_00025,9,send,VERB,VB,conj,send,0,B-ACT
KG_00025,10,ambulances,NOUN,NNS,dobj,ambulance,0,I-ACT
KG_00026,0,Major,ADJ,JJ,amod,major,0,O
KG_00026,1,earthquake,NOUN,NN,nsubj,earthquake,0,O
KG_00026,2,hit,VERB,VBD,ROOT,hit,0,O
KG_00026,3,coastal,ADJ,JJ,amod,coastal,0,O
KG_00026,4,region,NOUN,NN,dobj,region,0,O
KG_00026,5,near,ADP,IN,prep,near,0,O
KG_00026,6,Port,PROPN,NNP,compound,port,1,B-LOC
KG_00026,7,Blair,PROPN,NNP,pobj,blair,1,I-LOC
KG_00026,8,",",PUNCT,",",punct,",",0,O
KG_00026,9,send,VERB,VB,dep,send,0,B-ACT
KG_00026,10,navy,PROPN,NNP,compound,navy,1,B-LOC
KG_00026,11,ships,NOUN,NNS,dobj,ship,0,O
KG_00027,0,Cracks,NOUN,NNS,nsubj,crack,0,O
KG_00027,1,in,ADP,IN,prep,in,0,O
KG_00027,2,all,DET,DT,det,all,0,O
KG_00027,3,buildings,NOUN,NNS,pobj,building,0,O
KG_00027,4,near,ADP,IN,prep,near,0,O
KG_00027,5,Bhuj,PROPN,NNP,compound,bhuj,1,B-LOC
KG_00027,6,market,NOUN,NN,compound,market,0,I-LOC
KG_00027,7,area,NOUN,NN,pobj,area,0,I-LOC
KG_00027,8,",",PUNCT,",",punct,",",0,O
KG_00027,9,require,VERB,VBP,ROOT,require,0,B-ACT
KG_00027,10,structural,ADJ,JJ,amod,structural,0,I-ACT
KG_00027,11,team,NOUN,NN,dobj,team,0,I-ACT
KG_00028,0,Earthquake,NOUN,NN,compound,earthquake,0,O
KG_00028,1,victims,NOUN,NNS,nsubj,victim,0,O
KG_00028,2,in,ADP,IN,prep,in,0,O
KG_00028,3,Ridgecrest,PROPN,NNP,compound,ridgecrest,1,B-LOC
KG_00028,4,neighborhood,NOUN,NN,pobj,neighborhood,0,I-LOC
KG_00028,5,need,NOUN,NN,ROOT,need,0,O
KG_00028,6,shelter,NOUN,NN,dobj,shelter,0,O
KG_00028,7,and,CCONJ,CC,cc,and,0,O
KG_00028,8,food,NOUN,NN,conj,food,0,O
KG_00029,0,Aftershock,PROPN,NNP,nsubj,aftershock,0,O
KG_00029,1,felt,VERB,VBD,ccomp,feel,0,O
KG_00029,2,at,ADP,IN,prep,at,0,O
KG_00029,3,Latur,PROPN,NNP,compound,latur,1,B-LOC
KG_00029,4,city,NOUN,NN,compound,city,1,I-LOC
KG_00029,5,center,NOUN,NN,pobj,center,0,I-LOC
KG_00029,6,",",PUNCT,",",punct,",",0,O
KG_00029,7,old,ADJ,JJ,amod,old,0,O
KG_00029,8,buildings,NOUN,NNS,conj,building,0,O
KG_00029,9,dangerous,ADJ,JJ,amod,dangerous,0,O
KG_00029,10,",",PUNCT,",",punct,",",0,O
KG_00029,11,evacuate,NOUN,NN,ROOT,evacuate,0,B-ACT
KG_00030,0,Mountain,NOUN,NN,compound,mountain,0,O
KG_00030,1,road,NOUN,NN,nsubj,road,0,B-LOC
KG_00030,2,collapsed,VERB,VBD,ccomp,collapse,0,O
KG_00030,3,near,ADP,IN,prep,near,0,O
KG_00030,4,Kedarnath,PROPN,NNP,pobj,kedarnath,1,B-LOC
KG_00030,5,",",PUNCT,",",punct,",",0,O
KG_00030,6,rescue,NOUN,NN,compound,rescue,0,B-ACT
KG_00030,7,teams,NOUN,NNS,nsubj,team,0,I-ACT
KG_00030,8,needed,VERB,VBD,ROOT,need,0,B-ACT
KG_00030,9,urgently,ADV,RB,advmod,urgently,0,B-ACT
KG_00031,0,Fire,NOUN,NN,nsubj,fire,0,O
KG_00031,1,spreading,VERB,VBG,ROOT,spread,0,O
KG_00031,2,rapidly,ADV,RB,advmod,rapidly,0,O
KG_00031,3,at,ADP,IN,prep,at,0,O
KG_00031,4,Anaj,PROPN,NNP,compound,anaj,0,B-LOC
KG_00031,5,Mandi,PROPN,NNP,compound,mandi,0,I-LOC
KG_00031,6,Delhi,PROPN,NNP,pobj,delhi,0,I-LOC
KG_00031,7,",",PUNCT,",",punct,",",0,O
KG_00031,8,need,VERB,VB,dep,need,0,B-ACT
KG_00031,9,more,ADJ,JJR,amod,more,0,I-ACT
KG_00031,10,fire,NOUN,NN,compound,fire,0,I-ACT
KG_00031,11,engines,NOUN,NNS,dobj,engine,0,I-ACT
KG_00031,12,now,ADV,RB,advmod,now,0,I-ACT
KG_00032,0,Building,VERB,VBG,advcl,build,0,O
KG_00032,1,on,ADP,IN,prep,on,0,O
KG_00032,2,fire,NOUN,NN,pobj,fire,0,O
KG_00032,3,at,ADP,IN,prep,at,0,O
KG_00032,4,Dharavi,PROPN,NNP,compound,dharavi,1,B-LOC
KG_00032,5,slum,NOUN,NN,compound,slum,0,I-LOC
KG_00032,6,area,NOUN,NN,pobj,area,0,I-LOC
KG_00032,7,",",PUNCT,",",punct,",",0,O
KG_00032,8,people,NOUN,NNS,nsubj,people,0,O
KG_00032,9,stuck,VERB,VBD,ROOT,stick,0,O
KG_00032,10,on,ADP,IN,prep,on,0,O
KG_00032,11,4th,ADJ,JJ,amod,4th,0,O
KG_00032,12,floor,NOUN,NN,pobj,floor,0,O
KG_00033,0,Forest,NOUN,NN,compound,forest,0,O
KG_00033,1,fire,NOUN,NN,nsubj,fire,0,O
KG_00033,2,near,ADP,IN,prep,near,0,O
KG_00033,3,Nainital,PROPN,NNP,compound,nainital,1,B-LOC
KG_00033,4,lake,NOUN,NN,nmod,lake,0,I-LOC
KG_00033,5,threatening,VERB,VBG,amod,threaten,0,O
KG_00033,6,villages,NOUN,NNS,pobj,village,0,B-LOC
KG_00033,7,",",PUNCT,",",punct,",",0,O
KG_00033,8,evacuate,VERB,VBP,ROOT,evacuate,0,B-ACT
KG_00033,9,Ramgarh,PROPN,NNP,dobj,ramgarh,0,I-ACT
KG_00034,0,Chemical,ADJ,JJ,compound,chemical,1,B-LOC
KG_00034,1,plant,NOUN,NN,compound,plant,0,I-LOC
KG_00034,2,fire,NOUN,NN,nsubj,fire,0,O
KG_00034,3,in,ADP,IN,prep,in,0,O
KG_00034,4,Okhla,PROPN,NNP,compound,okhla,1,B-LOC
KG_00034,5,Industrial,PROPN,NNP,compound,industrial,1,I-LOC
KG_00034,6,Phase,PROPN,NNP,pobj,phase,1,I-LOC
KG_00034,7,2,NUM,CD,nummod,2,1,I-LOC
KG_00034,8,",",PUNCT,",",punct,",",0,O
KG_00034,9,need,VERB,VBP,ROOT,need,0,B-ACT
KG_00034,10,hazmat,NOUN,NN,compound,hazmat,0,I-ACT
KG_00034,11,teams,NOUN,NNS,dobj,team,0,I-ACT
KG_00035,0,Apartment,NOUN,NN,nmod,apartment,0,O
KG_00035,1,complex,ADJ,JJ,amod,complex,0,O
KG_00035,2,fire,NOUN,NN,nsubj,fire,0,O
KG_00035,3,at,ADP,IN,prep,at,0,O
KG_00035,4,MG,PROPN,NNP,compound,mg,1,B-LOC
KG_00035,5,Road,PROPN,NNP,compound,road,1,I-LOC
KG_00035,6,Bangalore,PROPN,NNP,pobj,bangalore,1,I-LOC
KG_00035,7,",",PUNCT,",",punct,",",0,O
KG_00035,8,send,VERB,VB,ROOT,send,0,B-ACT
KG_00035,9,ladder,NOUN,NN,compound,ladder,0,I-ACT
KG_00035,10,trucks,NOUN,NNS,dobj,truck,0,I-ACT
KG_00035,11,urgently,ADV,RB,advmod,urgently,0,B-ACT
KG_00036,0,Factory,NOUN,NN,compound,factory,0,O
KG_00036,1,fire,NOUN,NN,nsubj,fire,0,O
KG_00036,2,in,ADP,IN,prep,in,0,O
KG_00036,3,Ludhiana,PROPN,NNP,compound,ludhiana,1,B-LOC
KG_00036,4,textile,NOUN,NN,compound,textile,0,I-LOC
KG_00036,5,area,NOUN,NN,pobj,area,0,I-LOC
KG_00036,6,",",PUNCT,",",punct,",",0,O
KG_00036,7,workers,NOUN,NNS,nsubj,worker,0,O
KG_00036,8,trapped,VERB,VBN,parataxis,trap,0,O
KG_00036,9,",",PUNCT,",",punct,",",0,O
KG_00036,10,need,VERB,VBP,ROOT,need,0,B-ACT
KG_00036,11,rescue,NOUN,NN,dobj,rescue,0,B-ACT
KG_00037,0,Wildfire,PROPN,NNP,advcl,wildfire,1,B-LOC
KG_00037,1,approaching,VERB,VBG,acl,approach,0,O
KG_00037,2,Malibu,PROPN,NNP,nmod,malibu,1,B-LOC
KG_00037,3,coastal,ADJ,JJ,amod,coastal,0,O
KG_00037,4,highway,NOUN,NN,dobj,highway,0,O
KG_00037,5,",",PUNCT,",",punct,",",0,O
KG_00037,6,residents,NOUN,NNS,nsubj,resident,0,O
KG_00037,7,must,AUX,MD,aux,must,0,O
KG_00037,8,evacuate,VERB,VB,ROOT,evacuate,0,B-ACT
KG_00038,0,Market,NOUN,NN,compound,market,0,O
KG_00038,1,fire,NOUN,NN,nsubj,fire,0,O
KG_00038,2,at,ADP,IN,prep,at,0,O
KG_00038,3,Chandni,PROPN,NNP,compound,chandni,0,B-LOC
KG_00038,4,Chowk,PROPN,NNP,compound,chowk,0,I-LOC
KG_00038,5,Old,PROPN,NNP,compound,old,0,I-LOC
KG_00038,6,Delhi,PROPN,NNP,pobj,delhi,0,I-LOC
KG_00038,7,",",PUNCT,",",punct,",",0,O
KG_00038,8,water,NOUN,NN,compound,water,0,O
KG_00038,9,pressure,NOUN,NN,nsubj,pressure,0,O
KG_00038,10,low,ADJ,JJ,amod,low,0,O
KG_00038,11,",",PUNCT,",",punct,",",0,O
KG_00038,12,need,VERB,VBP,ROOT,need,0,B-ACT
KG_00038,13,help,NOUN,NN,dobj,help,0,B-ACT
KG_00039,0,Slum,NOUN,NN,compound,slum,0,O
KG_00039,1,fire,NOUN,NN,ROOT,fire,0,O
KG_00039,2,at,ADP,IN,prep,at,0,O
KG_00039,3,Govandi,PROPN,NNP,compound,govandi,0,B-LOC
KG_00039,4,area,NOUN,NN,compound,area,0,I-LOC
KG_00039,5,Mumbai,PROPN,NNP,pobj,mumbai,1,B-LOC
KG_00039,6,",",PUNCT,",",punct,",",0,O
KG_00039,7,supply,NOUN,NN,compound,supply,0,B-ACT
KG_00039,8,water,NOUN,NN,compound,water,0,I-ACT
KG_00039,9,tankers,NOUN,NNS,appos,tanker,0,O
KG_00039,10,immediately,ADV,RB,advmod,immediately,0,O
KG_00040,0,Gas,NOUN,NN,compound,gas,0,O
KG_00040,1,explosion,NOUN,NN,nsubj,explosion,0,O
KG_00040,2,near,ADP,IN,prep,near,0,O
KG_00040,3,Sector,PROPN,NNP,nmod,sector,0,B-LOC
KG_00040,4,5,NUM,CD,nummod,5,0,I-LOC
KG_00040,5,industrial,ADJ,JJ,amod,industrial,0,O
KG_00040,6,area,NOUN,NN,pobj,area,0,B-LOC
KG_00040,7,",",PUNCT,",",punct,",",0,O
KG_00040,8,injured,VERB,VBN,amod,injure,0,O
KG_00040,9,people,NOUN,NNS,nsubj,people,0,O
KG_00040,10,need,VERB,VBP,ROOT,need,0,B-ACT
KG_00040,11,ambulance,NOUN,NN,dobj,ambulance,0,I-ACT
KG_00041,0,Cyclone,NOUN,NN,nsubj,cyclone,0,O
KG_00041,1,approaching,VERB,VBG,csubj,approach,0,O
KG_00041,2,Kutch,PROPN,NNP,nmod,kutch,1,B-LOC
KG_00041,3,coast,NOUN,NN,compound,coast,0,I-LOC
KG_00041,4,Gujarat,PROPN,NNP,dobj,gujarat,1,B-LOC
KG_00041,5,",",PUNCT,",",punct,",",0,O
KG_00041,6,fishing,NOUN,NN,compound,fishing,0,O
KG_00041,7,villages,NOUN,NNS,nsubj,village,0,B-LOC
KG_00041,8,need,VERB,VBP,ROOT,need,0,O
KG_00041,9,evacuation,NOUN,NN,dobj,evacuation,0,O
KG_00042,0,Storm,NOUN,NN,nsubj,storm,0,O
KG_00042,1,surge,NOUN,NN,nsubj,surge,0,O
KG_00042,2,in,ADP,IN,prep,in,0,O
KG_00042,3,Puri,PROPN,NNP,compound,puri,1,B-LOC
KG_00042,4,Odisha,PROPN,NNP,pobj,odisha,1,I-LOC
KG_00042,5,",",PUNCT,",",punct,",",0,O
KG_00042,6,coastal,ADJ,JJ,amod,coastal,0,O
KG_00042,7,homes,NOUN,NNS,nsubj,home,0,O
KG_00042,8,flooded,VERB,VBD,parataxis,flood,0,O
KG_00042,9,",",PUNCT,",",punct,",",0,O
KG_00042,10,need,VERB,VBP,ROOT,need,0,B-ACT
KG_00042,11,rescue,NOUN,NN,compound,rescue,0,B-ACT
KG_00042,12,boats,NOUN,NNS,dobj,boat,0,I-ACT
KG_00043,0,Hurricane,NOUN,NN,compound,hurricane,0,O
KG_00043,1,warning,NOUN,NN,ROOT,warning,0,O
KG_00043,2,for,ADP,IN,prep,for,0,O
KG_00043,3,Miami,PROPN,NNP,compound,miami,1,B-LOC
KG_00043,4,Beach,PROPN,NNP,compound,beach,1,I-LOC
KG_00043,5,area,NOUN,NN,pobj,area,0,I-LOC
KG_00043,6,",",PUNCT,",",punct,",",0,O
KG_00043,7,supply,NOUN,NN,compound,supply,0,B-ACT
KG_00043,8,emergency,NOUN,NN,compound,emergency,0,B-ACT
KG_00043,9,shelters,NOUN,NNS,dobj,shelter,0,I-ACT
KG_00043,10,now,ADV,RB,advmod,now,0,I-ACT
KG_00044,0,Super,ADJ,JJ,compound,super,0,O
KG_00044,1,cyclone,NOUN,NN,nsubj,cyclone,0,O
KG_00044,2,near,ADP,IN,prep,near,0,O
KG_00044,3,Kakinada,PROPN,NNP,compound,kakinada,1,B-LOC
KG_00044,4,Andhra,PROPN,NNP,compound,andhra,1,I-LOC
KG_00044,5,coast,NOUN,NN,pobj,coast,0,I-LOC
KG_00044,6,",",PUNCT,",",punct,",",0,O
KG_00044,7,send,VERB,VBP,ROOT,send,0,B-ACT
KG_00044,8,navy,PROPN,NNP,dobj,navy,1,B-LOC
KG_00044,9,for,ADP,IN,prep,for,0,O
KG_00044,10,evacuation,NOUN,NN,pobj,evacuation,0,O
KG_00045,0,Tauktae,PROPN,NNP,compound,tauktae,0,O
KG_00045,1,cyclone,NOUN,NN,nsubj,cyclone,0,O
KG_00045,2,hit,VERB,VBD,ROOT,hit,0,O
KG_00045,3,Raigad,PROPN,NNP,compound,raigad,1,B-LOC
KG_00045,4,district,NOUN,NN,dobj,district,0,I-LOC
KG_00045,5,",",PUNCT,",",punct,",",0,O
KG_00045,6,roads,NOUN,NNS,nsubj,road,0,B-LOC
KG_00045,7,blocked,VERB,VBD,parataxis,block,0,I-LOC
KG_00045,8,",",PUNCT,",",punct,",",0,O
KG_00045,9,send,VERB,VB,dep,send,0,B-ACT
KG_00045,10,bulldozers,NOUN,NNS,dobj,bulldozer,0,I-ACT
KG_00046,0,Typhoon,PROPN,NNP,nsubj,typhoon,0,O
KG_00046,1,approaching,VERB,VBG,ROOT,approach,0,O
KG_00046,2,Manila,PROPN,NNP,compound,manila,1,B-LOC
KG_00046,3,Bay,PROPN,NNP,dobj,bay,1,I-LOC
KG_00046,4,",",PUNCT,",",punct,",",0,O
KG_00046,5,immediate,ADJ,JJ,amod,immediate,0,O
KG_00046,6,evacuation,NOUN,NN,dep,evacuation,0,O
KG_00046,7,of,ADP,IN,prep,of,0,O
KG_00046,8,coastal,ADJ,JJ,amod,coastal,0,O
KG_00046,9,areas,NOUN,NNS,pobj,area,0,B-LOC
KG_00047,0,Storm,NOUN,NN,nsubj,storm,0,O
KG_00047,1,destroyed,VERB,VBD,ROOT,destroy,0,O
KG_00047,2,homes,NOUN,NNS,dobj,home,0,O
KG_00047,3,near,ADP,IN,prep,near,0,O
KG_00047,4,Cox,PROPN,NNP,compound,cox,1,B-LOC
KG_00047,5,Bazar,PROPN,NNP,pobj,bazar,1,I-LOC
KG_00047,6,",",PUNCT,",",punct,",",0,O
KG_00047,7,send,VERB,VBP,conj,send,0,B-ACT
KG_00047,8,food,NOUN,NN,nmod,food,0,O
KG_00047,9,and,CCONJ,CC,cc,and,0,O
KG_00047,10,tarpaulin,NOUN,NN,conj,tarpaulin,0,O
KG_00047,11,sheets,NOUN,NNS,dobj,sheet,0,O
KG_00048,0,Cyclone,NOUN,NN,nsubj,cyclone,0,O
KG_00048,1,hit,VERB,VBD,ccomp,hit,0,O
KG_00048,2,Paradip,PROPN,NNP,compound,paradip,0,O
KG_00048,3,port,NOUN,NN,compound,port,0,O
KG_00048,4,area,NOUN,NN,dobj,area,0,O
KG_00048,5,",",PUNCT,",",punct,",",0,O
KG_00048,6,fishermen,NOUN,NNS,nsubj,fisherman,0,O
KG_00048,7,missing,VERB,VBG,acl,miss,0,O
KG_00048,8,at,ADP,IN,prep,at,0,O
KG_00048,9,sea,NOUN,NN,pobj,sea,0,B-LOC
KG_00048,10,",",PUNCT,",",punct,",",0,O
KG_00048,11,need,VERB,VBP,ROOT,need,1,B-LOC
KG_00048,12,coast,NOUN,NN,compound,coast,1,I-LOC
KG_00048,13,guard,NOUN,NN,dobj,guard,1,I-LOC
KG_00049,0,Tornado,PROPN,NNP,compound,tornado,0,O
KG_00049,1,damage,NOUN,NN,nsubj,damage,0,O
KG_00049,2,at,ADP,IN,prep,at,0,O
KG_00049,3,Joplin,PROPN,NNP,compound,joplin,0,B-LOC
KG_00049,4,Missouri,PROPN,NNP,pobj,missouri,0,I-LOC
KG_00049,5,",",PUNCT,",",punct,",",0,O
KG_00049,6,survivors,NOUN,NNS,nsubj,survivor,0,O
KG_00049,7,need,VERB,VBP,ROOT,need,0,B-ACT
KG_00049,8,medical,ADJ,JJ,amod,medical,0,I-ACT
KG_00049,9,aid,NOUN,NN,dobj,aid,0,I-ACT
KG_00049,10,urgently,ADV,RB,advmod,urgently,0,B-ACT
KG_00050,0,Wind,NOUN,NN,nsubj,wind,0,O
KG_00050,1,speeds,VERB,VBZ,ccomp,speed,0,O
KG_00050,2,180kmph,PROPN,NNP,dobj,180kmph,0,O
KG_00050,3,near,ADP,IN,prep,near,0,O
KG_00050,4,Vizag,PROPN,NNP,compound,vizag,0,B-LOC
KG_00050,5,coast,NOUN,NN,pobj,coast,0,I-LOC
KG_00050,6,",",PUNCT,",",punct,",",0,O
KG_00050,7,require,VERB,VBP,ROOT,require,0,B-ACT
KG_00050,8,rescue,NOUN,NN,compound,rescue,0,B-ACT
KG_00050,9,operations,NOUN,NNS,dobj,operation,0,I-ACT
KG_00050,10,now,ADV,RB,advmod,now,0,I-ACT
KG_00051,0,Landslide,PROPN,NNP,nsubj,landslide,0,O
KG_00051,1,blocked,VERB,VBD,ccomp,block,0,O
KG_00051,2,NH-44,NUM,CD,dobj,nh-44,0,O
KG_00051,3,near,ADP,IN,prep,near,0,O
KG_00051,4,Ramban,PROPN,NNP,pobj,ramban,1,B-LOC
KG_00051,5,",",PUNCT,",",punct,",",0,O
KG_00051,6,200,NUM,CD,nummod,200,0,O
KG_00051,7,vehicles,NOUN,NNS,nsubj,vehicle,0,O
KG_00051,8,stranded,VERB,VBN,acl,strand,0,O
KG_00051,9,",",PUNCT,",",punct,",",0,O
KG_00051,10,need,VERB,VBP,ROOT,need,0,B-ACT
KG_00051,11,JCBs,NOUN,NNS,dobj,jcb,0,I-ACT
KG_00052,0,Mudslide,PROPN,NNP,nsubj,mudslide,0,O
KG_00052,1,near,ADP,IN,prep,near,0,O
KG_00052,2,Wayanad,PROPN,NNP,compound,wayanad,1,B-LOC
KG_00052,3,district,NOUN,NN,compound,district,0,I-LOC
KG_00052,4,Kerala,PROPN,NNP,pobj,kerala,1,B-LOC
KG_00052,5,",",PUNCT,",",punct,",",0,O
KG_00052,6,villages,NOUN,NNS,nsubj,village,0,B-LOC
KG_00052,7,cut,VERB,VBD,ROOT,cut,0,O
KG_00052,8,off,ADP,RP,prt,off,0,O
KG_00052,9,",",PUNCT,",",punct,",",0,O
KG_00052,10,send,VERB,VB,conj,send,0,B-ACT
KG_00052,11,helicopter,NOUN,NN,dobj,helicopter,0,I-ACT
KG_00053,0,Landslide,NOUN,NN,advcl,landslide,0,O
KG_00053,1,in,ADP,IN,prep,in,0,O
KG_00053,2,Darjeeling,VERB,VBG,pcomp,darjeele,1,B-LOC
KG_00053,3,hills,NOUN,NNS,compound,hill,1,I-LOC
KG_00053,4,area,NOUN,NN,dobj,area,0,I-LOC
KG_00053,5,",",PUNCT,",",punct,",",0,O
KG_00053,6,houses,NOUN,NNS,nsubj,house,0,O
KG_00053,7,buried,VERB,VBN,acl,bury,0,O
KG_00053,8,",",PUNCT,",",punct,",",0,O
KG_00053,9,NDRF,PROPN,NNP,nsubj,ndrf,1,B-LOC
KG_00053,10,needed,VERB,VBD,ROOT,need,0,O
KG_00053,11,now,ADV,RB,advmod,now,0,O
KG_00054,0,Road,PROPN,NNP,nsubj,road,0,B-LOC
KG_00054,1,blocked,VERB,VBN,acl,block,0,I-LOC
KG_00054,2,by,ADP,IN,agent,by,0,O
KG_00054,3,rockfall,PROPN,NNP,pobj,rockfall,0,B-LOC
KG_00054,4,near,ADP,IN,prep,near,0,O
KG_00054,5,Manali,PROPN,NNP,compound,manali,1,B-LOC
KG_00054,6,Leh,PROPN,NNP,compound,leh,1,I-LOC
KG_00054,7,highway,NOUN,NN,pobj,highway,0,I-LOC
KG_00054,8,",",PUNCT,",",punct,",",0,O
KG_00054,9,50,NUM,CD,nummod,50,0,O
KG_00054,10,tourists,NOUN,NNS,nsubj,tourist,0,O
KG_00054,11,stuck,VERB,VBD,ROOT,stick,0,O
KG_00055,0,Massive,ADJ,JJ,amod,massive,0,O
KG_00055,1,landslide,NOUN,NN,ROOT,landslide,0,O
KG_00055,2,near,ADP,IN,prep,near,0,O
KG_00055,3,Aizawl,PROPN,NNP,compound,aizawl,1,B-LOC
KG_00055,4,Mizoram,PROPN,NNP,pobj,mizoram,1,I-LOC
KG_00055,5,",",PUNCT,",",punct,",",0,O
KG_00055,6,supply,NOUN,NN,compound,supply,0,B-ACT
KG_00055,7,food,NOUN,NN,appos,food,0,O
KG_00055,8,and,CCONJ,CC,cc,and,0,O
KG_00055,9,water,NOUN,NN,conj,water,0,O
KG_00055,10,urgently,ADV,RB,advmod,urgently,0,B-ACT
KG_00056,0,Debris,NOUN,NN,compound,debris,0,O
KG_00056,1,flow,VERB,VBP,ccomp,flow,0,O
KG_00056,2,near,ADP,IN,prep,near,0,O
KG_00056,3,Mahad,PROPN,NNP,compound,mahad,1,B-LOC
KG_00056,4,Maharashtra,PROPN,NNP,pobj,maharashtra,1,I-LOC
KG_00056,5,",",PUNCT,",",punct,",",0,O
KG_00056,6,two,NUM,CD,nummod,two,0,O
KG_00056,7,buses,NOUN,NNS,nsubj,bus,0,O
KG_00056,8,swept,VERB,VBD,ccomp,sweep,0,O
KG_00056,9,away,ADV,RB,advmod,away,0,O
KG_00056,10,",",PUNCT,",",punct,",",0,O
KG_00056,11,rescue,NOUN,NN,nsubj,rescue,0,B-ACT
KG_00056,12,needed,VERB,VBD,ROOT,need,0,B-ACT
KG_00057,0,Landslide,NOUN,NN,nsubj,landslide,0,O
KG_00057,1,at,ADP,IN,prep,at,0,O
KG_00057,2,Idukki,PROPN,NNP,compound,idukki,1,B-LOC
KG_00057,3,dam,NOUN,NN,compound,dam,0,I-LOC
KG_00057,4,area,NOUN,NN,pobj,area,0,I-LOC
KG_00057,5,",",PUNCT,",",punct,",",0,O
KG_00057,6,evacuate,VERB,VBP,ROOT,evacuate,0,B-ACT
KG_00057,7,downstream,ADJ,JJ,amod,downstream,0,I-ACT
KG_00057,8,villages,NOUN,NNS,dobj,village,0,I-ACT
KG_00057,9,immediately,ADV,RB,advmod,immediately,0,I-ACT
KG_00058,0,Road,NOUN,NN,advcl,road,0,O
KG_00058,1,to,ADP,IN,prep,to,0,O
KG_00058,2,Badami,PROPN,NNP,compound,badami,1,B-LOC
KG_00058,3,caves,NOUN,NNS,pobj,cave,0,I-LOC
KG_00058,4,blocked,VERB,VBN,acl,block,0,I-LOC
KG_00058,5,by,ADP,IN,agent,by,0,O
KG_00058,6,landslide,NOUN,NN,pobj,landslide,0,B-LOC
KG_00058,7,",",PUNCT,",",punct,",",0,O
KG_00058,8,tourists,NOUN,NNS,nsubj,tourist,0,O
KG_00058,9,need,VERB,VBP,ROOT,need,0,B-ACT
KG_00058,10,rescue,NOUN,NN,dobj,rescue,0,B-ACT
KG_00059,0,Patient,NOUN,NN,nsubj,patient,0,O
KG_00059,1,having,VERB,VBG,acl,have,0,O
KG_00059,2,heart,NOUN,NN,compound,heart,0,O
KG_00059,3,attack,NOUN,NN,dobj,attack,0,O
KG_00059,4,near,ADP,IN,prep,near,0,O
KG_00059,5,Karol,PROPN,NNP,compound,karol,1,B-LOC
KG_00059,6,Bagh,PROPN,NNP,compound,bagh,1,I-LOC
KG_00059,7,metro,PROPN,NNP,pobj,metro,0,I-LOC
KG_00059,8,",",PUNCT,",",punct,",",0,O
KG_00059,9,send,VERB,VB,ROOT,send,0,B-ACT
KG_00059,10,ambulance,NOUN,NN,dobj,ambulance,0,I-ACT
KG_00059,11,now,ADV,RB,advmod,now,0,I-ACT
KG_00060,0,Multiple,ADJ,JJ,amod,multiple,0,O
KG_00060,1,casualties,NOUN,NNS,nsubj,casualty,0,O
KG_00060,2,at,ADP,IN,prep,at,0,O
KG_00060,3,NH-8,X,ADD,det,nh-8,0,O
KG_00060,4,Gurgaon,PROPN,NNP,compound,gurgaon,1,B-LOC
KG_00060,5,accident,NOUN,NN,pobj,accident,0,I-LOC
KG_00060,6,",",PUNCT,",",punct,",",0,O
KG_00060,7,need,VERB,VB,ROOT,need,0,B-ACT
KG_00060,8,trauma,NOUN,NN,compound,trauma,0,I-ACT
KG_00060,9,units,NOUN,NNS,dobj,unit,0,I-ACT
KG_00060,10,urgently,ADV,RB,advmod,urgently,0,B-ACT
KG_00061,0,Child,NOUN,NN,nsubj,child,0,O
KG_00061,1,trapped,VERB,VBN,acl,trap,0,O
KG_00061,2,in,ADP,IN,prep,in,0,O
KG_00061,3,borewell,NOUN,NN,pobj,borewell,0,B-LOC
KG_00061,4,near,ADP,IN,prep,near,0,O
KG_00061,5,Hisar,PROPN,NNP,compound,hisar,1,B-LOC
KG_00061,6,Haryana,PROPN,NNP,pobj,haryana,1,I-LOC
KG_00061,7,",",PUNCT,",",punct,",",0,O
KG_00061,8,NDRF,PROPN,NNP,nsubj,ndrf,1,B-LOC
KG_00061,9,needed,VERB,VBD,ROOT,need,0,O
KG_00061,10,immediately,ADV,RB,advmod,immediately,0,O
KG_00062,0,Heatwave,PROPN,NNP,compound,heatwave,0,O
KG_00062,1,casualties,NOUN,NNS,nsubj,casualty,0,O
KG_00062,2,at,ADP,IN,prep,at,0,O
KG_00062,3,Churu,PROPN,NNP,compound,churu,0,B-LOC
KG_00062,4,Rajasthan,PROPN,NNP,pobj,rajasthan,0,I-LOC
KG_00062,5,",",PUNCT,",",punct,",",0,O
KG_00062,6,set,VERB,VBD,ROOT,set,0,O
KG_00062,7,up,ADP,RP,prt,up,0,O
KG_00062,8,medical,ADJ,JJ,amod,medical,0,O
KG_00062,9,camps,NOUN,NNS,dobj,camp,0,O
KG_00062,10,now,ADV,RB,advmod,now,0,O
KG_00063,0,Cholera,PROPN,NNP,nsubj,cholera,1,B-LOC
KG_00063,1,outbreak,VERB,VBP,ccomp,outbreak,0,O
KG_00063,2,in,ADP,IN,prep,in,0,O
KG_00063,3,relief,NOUN,NN,compound,relief,0,B-LOC
KG_00063,4,camp,NOUN,NN,pobj,camp,0,I-LOC
KG_00063,5,near,ADP,IN,prep,near,0,O
KG_00063,6,Muzaffarpur,PROPN,NNP,pobj,muzaffarpur,1,B-LOC
KG_00063,7,",",PUNCT,",",punct,",",0,O
KG_00063,8,need,VERB,VBP,ROOT,need,0,B-ACT
KG_00063,9,medical,ADJ,JJ,amod,medical,0,I-ACT
KG_00063,10,teams,NOUN,NNS,dobj,team,0,I-ACT
KG_00064,0,Snake,NOUN,NN,compound,snake,0,O
KG_00064,1,bite,NOUN,NN,compound,bite,0,O
KG_00064,2,victim,NOUN,NN,nsubj,victim,0,O
KG_00064,3,in,ADP,IN,prep,in,0,O
KG_00064,4,remote,ADJ,JJ,amod,remote,0,B-LOC
KG_00064,5,village,NOUN,NN,pobj,village,0,I-LOC
KG_00064,6,near,ADP,IN,prep,near,0,O
KG_00064,7,Bastar,PROPN,NNP,pobj,bastar,1,B-LOC
KG_00064,8,",",PUNCT,",",punct,",",0,O
KG_00064,9,need,VERB,VBP,ROOT,need,0,B-ACT
KG_00064,10,antivenom,NOUN,NN,dobj,antivenom,0,I-ACT
KG_00064,11,urgently,ADV,RB,advmod,urgently,0,B-ACT
KG_00065,0,Bus,NOUN,NN,compound,bus,0,O
KG_00065,1,accident,NOUN,NN,nsubj,accident,0,O
KG_00065,2,near,ADP,IN,prep,near,0,O
KG_00065,3,Manali,PROPN,NNP,compound,manali,1,B-LOC
KG_00065,4,hill,PROPN,NNP,compound,hill,1,I-LOC
KG_00065,5,road,NOUN,NN,pobj,road,0,I-LOC
KG_00065,6,",",PUNCT,",",punct,",",0,O
KG_00065,7,15,NUM,CD,nsubj,15,0,O
KG_00065,8,injured,VERB,VBN,ROOT,injure,0,O
KG_00065,9,",",PUNCT,",",punct,",",0,O
KG_00065,10,hospital,NOUN,NN,conj,hospital,0,O
KG_00065,11,50,NUM,CD,nummod,50,0,O
KG_00065,12,km,NOUN,NNS,npadvmod,km,0,O
KG_00065,13,away,ADV,RB,advmod,away,0,O
KG_00066,0,Train,NOUN,NN,compound,train,0,O
KG_00066,1,derailment,NOUN,NN,nsubjpass,derailment,0,O
KG_00066,2,near,ADP,IN,prep,near,0,O
KG_00066,3,Balasore,PROPN,NNP,compound,balasore,1,B-LOC
KG_00066,4,Odisha,PROPN,NNP,pobj,odisha,1,B-LOC
KG_00066,5,",",PUNCT,",",punct,",",0,O
KG_00066,6,hundreds,NOUN,NNS,nsubj,hundred,0,O
KG_00066,7,injured,VERB,VBN,amod,injure,0,O
KG_00066,8,",",PUNCT,",",punct,",",0,O
KG_00066,9,blood,NOUN,NN,nsubj,blood,0,O
KG_00066,10,needed,VERB,VBD,ROOT,need,0,B-ACT
KG_00067,0,Gas,NOUN,NN,compound,gas,0,O
KG_00067,1,leak,NOUN,NN,dep,leak,0,O
KG_00067,2,at,ADP,IN,prep,at,0,O
KG_00067,3,BHEL,PROPN,NNP,compound,bhel,1,B-LOC
KG_00067,4,Haridwar,PROPN,NNP,compound,haridwar,1,I-LOC
KG_00067,5,plant,NOUN,NN,pobj,plant,0,I-LOC
KG_00067,6,",",PUNCT,",",punct,",",0,O
KG_00067,7,20,NUM,CD,nummod,20,0,O
KG_00067,8,workers,NOUN,NNS,nsubj,worker,0,O
KG_00067,9,unconscious,ADJ,JJ,ROOT,unconscious,0,O
KG_00067,10,",",PUNCT,",",punct,",",0,O
KG_00067,11,need,VERB,VBP,conj,need,0,B-ACT
KG_00067,12,oxygen,NOUN,NN,dobj,oxygen,0,I-ACT
KG_00068,0,Stampede,NOUN,NN,nsubj,stampede,0,O
KG_00068,1,at,ADP,IN,prep,at,0,O
KG_00068,2,Kumbh,PROPN,NNP,compound,kumbh,0,B-LOC
KG_00068,3,Mela,PROPN,NNP,compound,mela,0,I-LOC
KG_00068,4,Prayagraj,PROPN,NNP,pobj,prayagraj,0,I-LOC
KG_00068,5,",",PUNCT,",",punct,",",0,O
KG_00068,6,many,ADJ,JJ,amod,many,0,O
KG_00068,7,injured,VERB,VBN,acl,injure,0,O
KG_00068,8,near,ADP,IN,prep,near,0,O
KG_00068,9,Sangam,PROPN,NNP,pobj,sangam,1,B-LOC
KG_00068,10,ghat,NOUN,NN,ROOT,ghat,0,I-LOC
KG_00069,0,Dengue,PROPN,NNP,compound,dengue,0,O
KG_00069,1,outbreak,NOUN,NN,ROOT,outbreak,0,O
KG_00069,2,near,ADP,IN,prep,near,0,O
KG_00069,3,Loni,PROPN,NNP,compound,loni,1,B-LOC
KG_00069,4,border,NOUN,NN,compound,border,0,I-LOC
KG_00069,5,area,NOUN,NN,pobj,area,0,I-LOC
KG_00069,6,",",PUNCT,",",punct,",",0,O
KG_00069,7,supply,NOUN,NN,compound,supply,0,B-ACT
KG_00069,8,medicines,NOUN,NNS,conj,medicine,0,O
KG_00069,9,and,CCONJ,CC,cc,and,0,O
KG_00069,10,mosquito,ADJ,JJ,amod,mosquito,0,O
KG_00069,11,nets,NOUN,NNS,conj,net,0,O
KG_00070,0,Accident,NOUN,NN,nsubj,accident,0,O
KG_00070,1,at,ADP,IN,prep,at,0,O
KG_00070,2,Yamuna,PROPN,NNP,compound,yamuna,1,B-LOC
KG_00070,3,Expressway,PROPN,NNP,pobj,expressway,1,I-LOC
KG_00070,4,near,ADP,IN,prep,near,0,O
KG_00070,5,Greater,PROPN,NNP,compound,greater,1,B-LOC
KG_00070,6,Noida,PROPN,NNP,pobj,noida,1,I-LOC
KG_00070,7,",",PUNCT,",",punct,",",0,O
KG_00070,8,need,VERB,VBP,ROOT,need,0,B-ACT
KG_00070,9,ambulance,NOUN,NN,dobj,ambulance,0,I-ACT
KG_00070,10,now,ADV,RB,advmod,now,0,I-ACT
HI_0001,0,Bahut,PROPN,NNP,compound,bahut,0,O
HI_0001,1,tez,NOUN,NN,nsubj,tez,0,O
HI_0001,2,barish,PROPN,NNP,compound,barish,0,O
HI_0001,3,ho,PROPN,NNP,compound,ho,0,O
HI_0001,4,rahi,PROPN,NNP,compound,rahi,0,O
HI_0001,5,hai,PROPN,NNP,compound,hai,1,B-LOC
HI_0001,6,Yamuna,PROPN,NNP,compound,yamuna,1,I-LOC
HI_0001,7,bridge,PROPN,NNP,compound,bridge,0,I-LOC
HI_0001,8,ke,PROPN,NNP,compound,ke,0,I-LOC
HI_0001,9,paas,PROPN,NNP,compound,paas,0,I-LOC
HI_0001,10,paani,PROPN,NNP,compound,paani,0,I-LOC
HI_0001,11,aa,PROPN,NNP,compound,aa,0,I-LOC
HI_0001,12,gaya,PROPN,NNP,compound,gaya,0,I-LOC
HI_0001,13,help,NOUN,NN,appos,help,0,I-LOC
HI_0001,14,chahiye,VERB,VB,ROOT,chahiye,0,O
HI_0002,0,Flood,NOUN,NN,nsubj,flood,0,O
HI_0002,1,in,ADP,IN,prep,in,0,O
HI_0002,2,Sector,PROPN,NNP,pobj,sector,0,B-LOC
HI_0002,3,12,NUM,CD,nummod,12,0,I-LOC
HI_0002,4,Noida,PROPN,NNP,appos,noida,0,I-LOC
HI_0002,5,please,INTJ,UH,intj,please,0,O
HI_0002,6,send,VERB,VB,ROOT,send,0,B-ACT
HI_0002,7,boats,NOUN,NNS,dobj,boat,0,I-ACT
HI_0002,8,urgently,ADV,RB,advmod,urgently,0,B-ACT
HI_0002,9,log,VERB,VBP,conj,log,0,O
HI_0002,10,fase,NOUN,NN,compound,fase,0,O
HI_0002,11,mein,PROPN,NNP,compound,mein,0,O
HI_0002,12,atke,PROPN,NNP,compound,atke,0,O
HI_0002,13,hain,NOUN,NN,dobj,hain,0,O
HI_0003,0,SOS,PROPN,NNP,compound,sos,0,B-ACT
HI_0003,1,Gandhi,PROPN,NNP,compound,gandhi,0,I-ACT
HI_0003,2,Nagar,PROPN,NNP,compound,nagar,0,I-ACT
HI_0003,3,mein,NOUN,NN,compound,mein,0,I-ACT
HI_0003,4,ghar,PROPN,NNP,compound,ghar,0,I-ACT
HI_0003,5,ke,PROPN,NNP,compound,ke,0,I-ACT
HI_0003,6,andar,PROPN,NNP,compound,andar,0,I-ACT
HI_0003,7,paani,PROPN,NNP,compound,paani,0,I-ACT
HI_0003,8,aa,PROPN,NNP,compound,aa,0,I-ACT
HI_0003,9,gaya,PROPN,NNP,compound,gaya,0,I-ACT
HI_0003,10,rescue,NOUN,NN,compound,rescue,0,B-ACT
HI_0003,11,team,NOUN,NN,ROOT,team,0,O
HI_0003,12,bhejo,ADJ,JJ,amod,bhejo,0,O
HI_0003,13,please,INTJ,UH,intj,please,0,O
HI_0004,0,Yamuna,PROPN,NNP,compound,yamuna,1,B-LOC
HI_0004,1,overflowing,NOUN,NN,nsubj,overflowing,0,O
HI_0004,2,near,ADP,IN,prep,near,0,O
HI_0004,3,Kalindi,PROPN,NNP,compound,kalindi,0,B-LOC
HI_0004,4,Kunj,PROPN,NNP,pobj,kunj,0,I-LOC
HI_0004,5,need,VERB,VBP,ROOT,need,0,O
HI_0004,6,immediate,ADJ,JJ,amod,immediate,0,O
HI_0004,7,evacuation,NOUN,NN,dobj,evacuation,0,O
HI_0004,8,DelhiFloods,PROPN,NNP,npadvmod,delhifloods,1,B-LOC
HI_0005,0,Chambal,ADJ,JJ,amod,chambal,0,O
HI_0005,1,river,NOUN,NN,compound,river,0,O
HI_0005,2,flooding,VERB,VBG,nsubj,flood,0,O
HI_0005,3,Morena,PROPN,NNP,compound,morena,1,B-LOC
HI_0005,4,district,NOUN,NN,compound,district,0,I-LOC
HI_0005,5,villages,NOUN,NNS,nsubj,village,0,I-LOC
HI_0005,6,near,ADP,IN,prep,near,0,O
HI_0005,7,Joura,PROPN,NNP,pobj,joura,1,B-LOC
HI_0005,8,cut,VERB,VBD,ROOT,cut,0,O
HI_0005,9,off,ADP,RP,prt,off,0,O
HI_0005,10,need,NOUN,NN,compound,need,0,B-LOC
HI_0005,11,army,NOUN,NN,dobj,army,0,O
HI_0006,0,Barish,ADJ,JJ,amod,barish,0,O
HI_0006,1,ne,NOUN,NN,compound,ne,0,O
HI_0006,2,rasta,NOUN,NN,compound,rasta,0,O
HI_0006,3,band,NOUN,NN,nsubj,band,0,O
HI_0006,4,kar,PROPN,NNP,compound,kar,1,B-LOC
HI_0006,5,diya,PROPN,NNP,compound,diya,1,I-LOC
HI_0006,6,ambulance,PROPN,NNP,compound,ambulance,0,I-LOC
HI_0006,7,nahi,PROPN,NNP,compound,nahi,0,I-LOC
HI_0006,8,aa,PROPN,NNP,nmod,aa,0,I-LOC
HI_0006,9,sakti,PROPN,NNP,nmod,sakti,0,I-LOC
HI_0006,10,medical,ADJ,JJ,amod,medical,0,O
HI_0006,11,help,NOUN,NN,appos,help,0,B-ACT
HI_0006,12,needed,VERB,VBD,ROOT,need,0,B-ACT
HI_0006,13,Kota,PROPN,NNP,dobj,kota,0,I-ACT
HI_0007,0,Brahmaputra,ADJ,JJ,amod,brahmaputra,1,B-LOC
HI_0007,1,flood,NOUN,NN,nmod,flood,0,I-LOC
HI_0007,2,in,ADP,IN,prep,in,0,O
HI_0007,3,Majuli,PROPN,NNP,pobj,majuli,1,B-LOC
HI_0007,4,island,NOUN,NN,nmod,island,0,I-LOC
HI_0007,5,5000,NUM,CD,nummod,5000,0,I-LOC
HI_0007,6,people,NOUN,NNS,nmod,people,0,I-LOC
HI_0007,7,stranded,VERB,VBN,amod,strand,0,O
HI_0007,8,boats,NOUN,NNS,nsubj,boat,0,O
HI_0007,9,aur,VERB,VBP,ROOT,aur,0,B-ACT
HI_0007,10,food,NOUN,NN,dobj,food,0,I-ACT
HI_0007,11,chahiye,NOUN,NN,dobj,chahiye,0,I-ACT
HI_0008,0,Rescue,NOUN,NN,nsubj,rescue,0,B-ACT
HI_0008,1,needed,VERB,VBD,ROOT,need,0,B-ACT
HI_0008,2,at,ADP,IN,prep,at,0,O
HI_0008,3,Vaishali,PROPN,NNP,compound,vaishali,1,B-LOC
HI_0008,4,Nagar,PROPN,NNP,compound,nagar,1,I-LOC
HI_0008,5,Guwahati,PROPN,NNP,compound,guwahati,1,I-LOC
HI_0008,6,houses,NOUN,NNS,pobj,house,0,I-LOC
HI_0008,7,submerged,VERB,VBD,advcl,submerge,0,O
HI_0008,8,AssamFloods,PROPN,NNP,dobj,assamfloods,1,B-LOC
HI_0009,0,Need,VERB,VB,ROOT,need,0,B-ACT
HI_0009,1,helicopter,NOUN,NN,compound,helicopter,0,I-ACT
HI_0009,2,rescue,NOUN,NN,dobj,rescue,0,B-ACT
HI_0009,3,from,ADP,IN,prep,from,0,O
HI_0009,4,Bageshwar,PROPN,NNP,compound,bageshwar,1,B-LOC
HI_0009,5,Uttarakhand,PROPN,NNP,compound,uttarakhand,1,I-LOC
HI_0009,6,road,NOUN,NN,pobj,road,0,I-LOC
HI_0009,7,completely,ADV,RB,advmod,completely,0,O
HI_0009,8,washed,VERB,VBD,dep,wash,0,O
HI_0009,9,away,ADP,RP,prt,away,0,O
HI_0010,0,Srinagar,PROPN,NNP,compound,srinagar,0,O
HI_0010,1,Dal,PROPN,NNP,compound,dal,0,O
HI_0010,2,Lake,PROPN,NNP,compound,lake,0,O
HI_0010,3,area,NOUN,NN,compound,area,0,O
HI_0010,4,flooding,NOUN,NN,nsubj,flooding,0,O
HI_0010,5,send,VERB,VBP,ROOT,send,0,B-ACT
HI_0010,6,NDRF,PROPN,NNP,compound,ndrf,1,B-LOC
HI_0010,7,team,NOUN,NN,dobj,team,0,O
HI_0010,8,to,ADP,IN,prep,to,0,O
HI_0010,9,Hazratbal,PROPN,NNP,pobj,hazratbal,0,O
HI_0010,10,immediately,ADV,RB,advmod,immediately,0,O
HI_0011,0,Bhookamp,PROPN,NNP,nmod,bhookamp,0,O
HI_0011,1,aa,PROPN,NNP,npadvmod,aa,0,O
HI_0011,2,gaya,NOUN,NN,compound,gaya,0,O
HI_0011,3,Chamoli,PROPN,NNP,compound,chamoli,0,O
HI_0011,4,mein,NOUN,NN,compound,mein,0,O
HI_0011,5,buildings,NOUN,NNS,nsubj,building,0,O
HI_0011,6,gir,VERB,VBP,ROOT,gir,0,B-ACT
HI_0011,7,gayi,NOUN,NN,dobj,gayi,0,I-ACT
HI_0011,8,NDRF,PROPN,NNP,compound,ndrf,1,B-LOC
HI_0011,9,ko,PROPN,NNP,compound,ko,0,I-LOC
HI_0011,10,bulao,PROPN,NNP,compound,bulao,0,I-LOC
HI_0011,11,jaldi,PROPN,NNP,npadvmod,jaldi,0,O
HI_0012,0,Tremors,NOUN,NNS,nsubj,tremor,0,O
HI_0012,1,felt,VERB,VBD,ROOT,feel,0,O
HI_0012,2,in,ADP,IN,prep,in,0,O
HI_0012,3,Delhi,PROPN,NNP,nmod,delhi,1,B-LOC
HI_0012,4,NCR,PROPN,NNP,compound,ncr,1,I-LOC
HI_0012,5,Noida,PROPN,NNP,compound,noida,1,I-LOC
HI_0012,6,Sector,PROPN,NNP,appos,sector,0,I-LOC
HI_0012,7,62,NUM,CD,nummod,62,0,I-LOC
HI_0012,8,mein,NOUN,NN,compound,mein,0,I-LOC
HI_0012,9,cracks,NOUN,NNS,pobj,crack,0,I-LOC
HI_0012,10,in,ADP,IN,prep,in,0,O
HI_0012,11,buildings,NOUN,NNS,pobj,building,0,B-LOC
HI_0012,12,evacuating,VERB,VBG,acl,evacuate,0,O
HI_0013,0,People,NOUN,NNS,ROOT,people,0,O
HI_0013,1,trapped,VERB,VBN,acl,trap,0,O
HI_0013,2,under,ADP,IN,prep,under,0,O
HI_0013,3,rubble,NOUN,NN,pobj,rubble,0,O
HI_0013,4,in,ADP,IN,prep,in,0,O
HI_0013,5,Joshimath,PROPN,NNP,pobj,joshimath,1,B-LOC
HI_0013,6,after,ADP,IN,prep,after,0,O
HI_0013,7,quake,NOUN,NN,nmod,quake,0,O
HI_0013,8,heavy,ADJ,JJ,amod,heavy,0,O
HI_0013,9,equipment,NOUN,NN,pobj,equipment,0,O
HI_0013,10,needed,VERB,VBN,acl,need,0,B-ACT
HI_0013,11,now,ADV,RB,advmod,now,0,I-ACT
HI_0014,0,Factory,NOUN,NN,compound,factory,0,O
HI_0014,1,mein,NOUN,NN,compound,mein,0,O
HI_0014,2,aag,PROPN,NNP,nmod,aag,0,O
HI_0014,3,lag,PROPN,NNP,compound,lag,0,O
HI_0014,4,gayi,NOUN,NN,appos,gayi,0,O
HI_0014,5,Okhla,PROPN,NNP,compound,okhla,1,B-LOC
HI_0014,6,Industrial,PROPN,NNP,compound,industrial,1,I-LOC
HI_0014,7,Area,PROPN,NNP,nmod,area,1,I-LOC
HI_0014,8,Phase,PROPN,NNP,nmod,phase,1,I-LOC
HI_0014,9,2,NUM,CD,nummod,2,1,I-LOC
HI_0014,10,fire,NOUN,NN,compound,fire,0,I-LOC
HI_0014,11,brigade,NOUN,NN,compound,brigade,0,I-LOC
HI_0014,12,call,NOUN,NN,compound,call,0,I-LOC
HI_0014,13,karo,NOUN,NN,ROOT,karo,0,O
HI_0015,0,Building,VERB,VBG,csubj,build,0,O
HI_0015,1,fire,NOUN,NN,dobj,fire,0,O
HI_0015,2,in,ADP,IN,prep,in,0,O
HI_0015,3,Dharavi,PROPN,NNP,compound,dharavi,0,B-LOC
HI_0015,4,slum,NOUN,NN,compound,slum,0,I-LOC
HI_0015,5,people,NOUN,NNS,pobj,people,0,I-LOC
HI_0015,6,stuck,VERB,VBD,ROOT,stick,0,O
HI_0015,7,on,ADP,IN,prep,on,0,O
HI_0015,8,upper,ADJ,JJ,amod,upper,0,O
HI_0015,9,floors,NOUN,NNS,compound,floor,0,O
HI_0015,10,ladder,NOUN,NN,compound,ladder,0,O
HI_0015,11,truck,NOUN,NN,pobj,truck,0,O
HI_0015,12,needed,VERB,VBN,advcl,need,0,B-ACT
HI_0016,0,Massive,ADJ,JJ,amod,massive,0,O
HI_0016,1,fire,NOUN,NN,nsubj,fire,0,O
HI_0016,2,in,ADP,IN,prep,in,0,O
HI_0016,3,Anaj,PROPN,NNP,nmod,anaj,0,B-LOC
HI_0016,4,Mandi,PROPN,NNP,compound,mandi,0,I-LOC
HI_0016,5,Delhi,PROPN,NNP,pobj,delhi,0,I-LOC
HI_0016,6,multiple,ADJ,JJ,amod,multiple,0,O
HI_0016,7,casualties,NOUN,NNS,compound,casualty,0,O
HI_0016,8,blood,NOUN,NN,pobj,blood,0,O
HI_0016,9,O+,ADV,RB,appos,o+,0,O
HI_0016,10,urgently,ADV,RB,advmod,urgently,0,B-ACT
HI_0016,11,needed,VERB,VBN,ROOT,need,0,B-ACT
HI_0017,0,Forest,NOUN,NN,compound,forest,0,O
HI_0017,1,fire,NOUN,NN,nsubj,fire,0,O
HI_0017,2,spreading,VERB,VBG,acl,spread,0,O
HI_0017,3,near,ADP,IN,prep,near,0,O
HI_0017,4,Nainital,ADJ,JJ,amod,nainital,0,B-LOC
HI_0017,5,villages,NOUN,NNS,pobj,village,0,I-LOC
HI_0017,6,in,ADP,IN,prep,in,0,O
HI_0017,7,Ramgarh,PROPN,NNP,pobj,ramgarh,0,B-LOC
HI_0017,8,at,ADP,IN,prep,at,0,O
HI_0017,9,risk,NOUN,NN,compound,risk,0,B-LOC
HI_0017,10,evacuation,NOUN,NN,pobj,evacuation,0,I-LOC
HI_0017,11,needed,VERB,VBN,ROOT,need,0,O
HI_0018,0,Cyclone,PROPN,NNP,compound,cyclone,0,O
HI_0018,1,Biparjoy,PROPN,NNP,nsubj,biparjoy,0,O
HI_0018,2,approaching,VERB,VBG,csubj,approach,0,O
HI_0018,3,Kutch,PROPN,NNP,compound,kutch,1,B-LOC
HI_0018,4,coast,NOUN,NN,compound,coast,0,I-LOC
HI_0018,5,fishing,NOUN,NN,compound,fishing,0,I-LOC
HI_0018,6,villages,NOUN,NNS,dobj,village,0,I-LOC
HI_0018,7,need,VERB,VBP,ROOT,need,0,O
HI_0018,8,immediate,ADJ,JJ,amod,immediate,0,O
HI_0018,9,evacuation,NOUN,NN,dobj,evacuation,0,O
HI_0019,0,Very,ADV,RB,advmod,very,0,O
HI_0019,1,heavy,ADJ,JJ,amod,heavy,0,O
HI_0019,2,rain,NOUN,NN,nsubj,rain,0,O
HI_0019,3,in,ADP,IN,prep,in,0,O
HI_0019,4,Chennai,PROPN,NNP,pobj,chennai,1,B-LOC
HI_0019,5,due,ADP,IN,prep,due,0,O
HI_0019,6,to,ADP,IN,pcomp,to,0,O
HI_0019,7,depression,NOUN,NN,compound,depression,0,O
HI_0019,8,Velachery,PROPN,NNP,compound,velachery,0,O
HI_0019,9,area,NOUN,NN,appos,area,0,O
HI_0019,10,waterlogged,VERB,VBD,ROOT,waterlogge,0,O
HI_0019,11,need,VERB,VBP,compound,need,0,B-ACT
HI_0019,12,boats,NOUN,NNS,dobj,boat,0,I-ACT
HI_0020,0,Storm,NOUN,NN,nsubj,storm,0,O
HI_0020,1,in,ADP,IN,prep,in,0,O
HI_0020,2,Odisha,PROPN,NNP,compound,odisha,1,B-LOC
HI_0020,3,coast,NOUN,NN,compound,coast,0,I-LOC
HI_0020,4,Puri,PROPN,NNP,compound,puri,1,B-LOC
HI_0020,5,district,NOUN,NN,compound,district,0,I-LOC
HI_0020,6,fishermen,NOUN,NNS,pobj,fisherman,0,I-LOC
HI_0020,7,stuck,VERB,VBD,ROOT,stick,0,O
HI_0020,8,at,ADP,IN,prep,at,0,O
HI_0020,9,sea,PROPN,NNP,compound,sea,1,B-LOC
HI_0020,10,coast,PROPN,NNP,compound,coast,1,I-LOC
HI_0020,11,guard,NOUN,NN,pobj,guard,1,I-LOC
HI_0020,12,needed,VERB,VBD,advcl,need,0,O
HI_0021,0,Road,NOUN,NN,compound,road,0,O
HI_0021,1,accident,NOUN,NN,ROOT,accident,0,O
HI_0021,2,on,ADP,IN,prep,on,0,O
HI_0021,3,NH-8,PROPN,NNP,pobj,nh-8,0,O
HI_0021,4,near,ADP,IN,prep,near,0,O
HI_0021,5,Gurgaon,PROPN,NNP,compound,gurgaon,1,B-LOC
HI_0021,6,toll,NOUN,NN,pobj,toll,0,I-LOC
HI_0021,7,3,NUM,CD,nummod,3,0,I-LOC
HI_0021,8,injured,VERB,VBN,amod,injure,0,O
HI_0021,9,need,NOUN,NN,compound,need,0,B-ACT
HI_0021,10,ambulance,NOUN,NN,appos,ambulance,0,O
HI_0021,11,urgently,ADV,RB,advmod,urgently,0,B-ACT
HI_0022,0,Child,NOUN,NN,nsubj,child,0,O
HI_0022,1,fell,VERB,VBD,ROOT,fall,0,O
HI_0022,2,in,ADP,IN,prep,in,0,O
HI_0022,3,borewell,NOUN,NN,pobj,borewell,0,B-LOC
HI_0022,4,near,ADP,IN,prep,near,0,O
HI_0022,5,Hisar,PROPN,NNP,compound,hisar,1,B-LOC
HI_0022,6,Haryana,PROPN,NNP,compound,haryana,1,I-LOC
HI_0022,7,NDRF,PROPN,NNP,compound,ndrf,1,I-LOC
HI_0022,8,team,NOUN,NN,nsubj,team,0,O
HI_0022,9,needed,VERB,VBD,conj,need,0,B-ACT
HI_0022,10,immediately,ADV,RB,advmod,immediately,0,I-ACT
HI_0022,11,SaveHim,PROPN,NNP,npadvmod,savehim,1,B-LOC
HI_0023,0,Landslide,PROPN,NNP,nsubj,landslide,0,O
HI_0023,1,blocked,VERB,VBD,ROOT,block,0,O
HI_0023,2,NH-44,NUM,CD,dobj,nh-44,0,O
HI_0023,3,near,ADP,IN,prep,near,0,O
HI_0023,4,Ramban,PROPN,NNP,compound,ramban,1,B-LOC
HI_0023,5,JK,PROPN,NNP,nmod,jk,1,I-LOC
HI_0023,6,200,NUM,CD,nummod,200,0,I-LOC
HI_0023,7,vehicles,NOUN,NNS,pobj,vehicle,0,I-LOC
HI_0023,8,stranded,VERB,VBN,acl,strand,0,O
HI_0023,9,need,NOUN,NN,compound,need,0,B-ACT
HI_0023,10,bulldozers,NOUN,NNS,dobj,bulldozer,0,I-ACT
HI_0024,0,Multiple,ADJ,JJ,amod,multiple,0,O
HI_0024,1,people,NOUN,NNS,nsubj,people,0,O
HI_0024,2,injured,VERB,VBN,acl,injure,0,O
HI_0024,3,after,ADP,IN,prep,after,0,O
HI_0024,4,wall,NOUN,NN,compound,wall,0,O
HI_0024,5,collapse,PROPN,NNP,nsubj,collapse,0,O
HI_0024,6,in,ADP,IN,prep,in,0,O
HI_0024,7,Bhiwandi,PROPN,NNP,pobj,bhiwandi,1,B-LOC
HI_0024,8,send,VERB,VB,ROOT,send,0,O
HI_0024,9,rescue,NOUN,NN,dobj,rescue,0,B-ACT
HI_0024,10,immediately,ADV,RB,advmod,immediately,0,I-ACT
HI_0025,0,Train,NOUN,NN,compound,train,0,O
HI_0025,1,derailment,NOUN,NN,ROOT,derailment,0,O
HI_0025,2,near,ADP,IN,prep,near,0,O
HI_0025,3,Balasore,PROPN,NNP,compound,balasore,1,B-LOC
HI_0025,4,Odisha,PROPN,NNP,pobj,odisha,1,I-LOC
HI_0025,5,many,ADJ,JJ,amod,many,0,O
HI_0025,6,casualties,NOUN,NNS,compound,casualty,0,O
HI_0025,7,blood,NOUN,NN,compound,blood,0,O
HI_0025,8,donors,NOUN,NNS,nsubj,donor,0,O
HI_0025,9,needed,VERB,VBD,relcl,need,0,B-ACT
HI_0025,10,urgently,ADV,RB,advmod,urgently,0,B-ACT
HI_0026,0,Heatwave,PROPN,NNP,nmod,heatwave,0,O
HI_0026,1,in,ADP,IN,prep,in,0,O
HI_0026,2,Rajasthan,PROPN,NNP,pobj,rajasthan,1,B-LOC
HI_0026,3,48,NUM,CD,nummod,48,0,I-LOC
HI_0026,4,deg,PROPN,NNP,compound,deg,0,I-LOC
HI_0026,5,C,PROPN,NNP,appos,c,0,I-LOC
HI_0026,6,in,ADP,IN,prep,in,0,O
HI_0026,7,Churu,PROPN,NNP,pobj,churu,1,B-LOC
HI_0026,8,elderly,ADJ,JJ,amod,elderly,0,O
HI_0026,9,people,NOUN,NNS,ROOT,people,0,O
HI_0026,10,collapsing,VERB,VBG,acl,collapse,0,O
HI_0026,11,medical,ADJ,JJ,amod,medical,0,O
HI_0026,12,camps,NOUN,NNS,dobj,camp,0,O
HI_0027,0,Gas,NOUN,NN,compound,gas,0,O
HI_0027,1,leak,NOUN,NN,ROOT,leak,0,O
HI_0027,2,in,ADP,IN,prep,in,0,O
HI_0027,3,BHEL,PROPN,NNP,compound,bhel,1,B-LOC
HI_0027,4,plant,NOUN,NN,compound,plant,0,I-LOC
HI_0027,5,Haridwar,PROPN,NNP,compound,haridwar,1,B-LOC
HI_0027,6,workers,NOUN,NNS,nsubj,worker,0,O
HI_0027,7,evacuating,VERB,VBG,acl,evacuate,0,B-ACT
HI_0027,8,fire,NOUN,NN,compound,fire,0,I-ACT
HI_0027,9,brigade,NOUN,NN,dobj,brigade,0,I-ACT
HI_0027,10,medical,ADJ,JJ,dobj,medical,0,I-ACT
HI_0027,11,on,ADP,IN,prep,on,0,O
HI_0027,12,way,NOUN,NN,pobj,way,0,O
HI_0028,0,Missing,VERB,VBG,csubj,miss,0,O
HI_0028,1,child,NOUN,NN,dobj,child,0,O
HI_0028,2,8,NUM,CD,nummod,8,0,O
HI_0028,3,yr,NOUN,NN,npadvmod,yr,0,O
HI_0028,4,old,ADJ,JJ,advmod,old,0,O
HI_0028,5,lost,VERB,VBN,ccomp,lose,0,O
HI_0028,6,near,ADP,IN,prep,near,0,O
HI_0028,7,Kumbh,PROPN,NNP,compound,kumbh,1,B-LOC
HI_0028,8,Mela,PROPN,NNP,compound,mela,1,I-LOC
HI_0028,9,Prayagraj,PROPN,NNP,compound,prayagraj,1,I-LOC
HI_0028,10,police,NOUN,NNS,compound,police,0,I-LOC
HI_0028,11,help,VERB,VBP,ROOT,help,0,O
HI_0028,12,needed,VERB,VBN,xcomp,need,0,B-ACT
HI_0029,0,Jal,PROPN,NNP,compound,jal,0,O
HI_0029,1,bhar,NOUN,NN,compound,bhar,0,O
HI_0029,2,gaya,PROPN,NNP,compound,gaya,0,O
HI_0029,3,basement,PROPN,NNP,compound,basement,0,O
HI_0029,4,mein,PROPN,NNP,compound,mein,0,O
HI_0029,5,RK,PROPN,NNP,compound,rk,1,B-LOC
HI_0029,6,Puram,PROPN,NNP,compound,puram,1,I-LOC
HI_0029,7,sector,NOUN,NN,ROOT,sector,0,I-LOC
HI_0029,8,4,NUM,CD,nummod,4,0,I-LOC
HI_0029,9,pump,NOUN,NN,compound,pump,0,I-LOC
HI_0029,10,chalao,NOUN,NNS,appos,chalao,0,I-LOC
HI_0029,11,please,INTJ,UH,intj,please,0,O
HI_0030,0,Nainital,ADJ,JJ,amod,nainital,0,O
HI_0030,1,mein,NOUN,NN,compound,mein,0,O
HI_0030,2,landslide,PROPN,NNP,compound,landslide,0,O
HI_0030,3,road,NOUN,NN,compound,road,0,O
HI_0030,4,band,NOUN,NN,compound,band,0,O
HI_0030,5,water,NOUN,NN,compound,water,0,O
HI_0030,6,supply,NOUN,NN,nsubj,supply,0,B-ACT
HI_0030,7,cut,VERB,VBD,ROOT,cut,0,O
HI_0030,8,rescue,NOUN,NN,compound,rescue,0,B-ACT
HI_0030,9,teams,NOUN,NNS,dobj,team,0,I-ACT
HI_0030,10,bhejo,ADJ,JJ,oprd,bhejo,0,O
KG_00101,0,Just,ADV,RB,advmod,just,0,O
KG_00101,1,happened,VERB,VBD,ROOT,happen,0,O
KG_00101,2,a,DET,DT,det,a,0,O
KG_00101,3,terrible,ADJ,JJ,amod,terrible,0,O
KG_00101,4,car,NOUN,NN,compound,car,0,O
KG_00101,5,crash,NOUN,NN,dobj,crash,0,O
KG_00101,6,flooding,VERB,VBG,acl,flood,0,O
KG_00101,7,45,NUM,CD,nummod,45,0,O
KG_00101,8,deg,NOUN,NN,dobj,deg,0,O
KG_00101,9,off,ADP,IN,prep,off,0,O
KG_00101,10,I-10,NUM,CD,nummod,i-10,0,B-LOC
KG_00101,11,freeway,NOUN,NN,npadvmod,freeway,0,O
KG_00101,12,ca,AUX,MD,aux,can,0,O
KG_00101,13,terror,NOUN,NN,appos,terror,0,O
KG_00102,0,heard,VERB,VBD,nsubj,hear,0,O
KG_00102,1,about,ADP,IN,prep,about,0,O
KG_00102,2,earthquake,NOUN,NN,npadvmod,earthquake,0,O
KG_00102,3,devastating,ADJ,JJ,amod,devastating,0,O
KG_00102,4,lives,NOUN,NNS,pobj,life,0,O
KG_00102,5,in,ADP,IN,prep,in,0,O
KG_00102,6,Nepal,PROPN,NNP,pobj,nepal,1,B-LOC
KG_00102,7,sent,VERB,VBD,ROOT,send,0,O
KG_00102,8,prayers,NOUN,NNS,dobj,prayer,0,O
KG_00102,9,and,CCONJ,CC,cc,and,0,O
KG_00102,10,need,VERB,VBP,conj,need,0,B-ACT
KG_00102,11,aid,NOUN,NN,dobj,aid,0,I-ACT
KG_00103,0,forest,NOUN,NN,compound,forest,0,O
KG_00103,1,fire,NOUN,NN,nsubj,fire,0,O
KG_00103,2,burning,VERB,VBG,acl,burn,0,O
KG_00103,3,near,ADP,IN,prep,near,0,O
KG_00103,4,our,PRON,PRP$,poss,our,0,O
KG_00103,5,neighborhood,NOUN,NN,pobj,neighborhood,0,O
KG_00103,6,in,ADP,IN,prep,in,0,O
KG_00103,7,California,PROPN,NNP,pobj,california,1,B-LOC
KG_00103,8,send,VERB,VBP,ROOT,send,0,O
KG_00103,9,help,NOUN,NN,dobj,help,0,B-ACT
KG_00103,10,immediately,ADV,RB,advmod,immediately,0,I-ACT
KG_00104,0,displaced,VERB,VBN,amod,displace,0,O
KG_00104,1,families,NOUN,NNS,nsubj,family,0,O
KG_00104,2,at,ADP,IN,prep,at,0,O
KG_00104,3,Red,PROPN,NNP,compound,red,1,B-LOC
KG_00104,4,Cross,PROPN,NNP,compound,cross,1,I-LOC
KG_00104,5,shelter,NOUN,NN,pobj,shelter,0,I-LOC
KG_00104,6,near,ADP,IN,prep,near,0,O
KG_00104,7,Downtown,PROPN,NNP,compound,downtown,0,B-LOC
KG_00104,8,LA,PROPN,NNP,pobj,la,1,B-LOC
KG_00104,9,need,VERB,VBP,ROOT,need,0,O
KG_00104,10,food,NOUN,NN,dobj,food,0,O
KG_00104,11,and,CCONJ,CC,cc,and,0,O
KG_00104,12,blankets,NOUN,NNS,conj,blanket,0,O
KG_00105,0,Tornado,PROPN,NNP,compound,tornado,0,O
KG_00105,1,warning,NOUN,NN,nsubj,warning,0,O
KG_00105,2,near,ADP,IN,prep,near,0,O
KG_00105,3,Oklahoma,PROPN,NNP,compound,oklahoma,1,B-LOC
KG_00105,4,City,PROPN,NNP,compound,city,1,I-LOC
KG_00105,5,suburbs,NOUN,NNS,pobj,suburb,0,I-LOC
KG_00105,6,evacuate,VERB,VBP,ROOT,evacuate,0,O
KG_00105,7,now,ADV,RB,advmod,now,0,O
KG_00105,8,official,ADJ,JJ,amod,official,0,O
KG_00105,9,emergency,NOUN,NN,compound,emergency,0,B-ACT
KG_00105,10,alert,NOUN,NN,dobj,alert,0,I-ACT
KG_00106,0,rescue,NOUN,NN,compound,rescue,0,B-ACT
KG_00106,1,operation,NOUN,NN,nsubj,operation,0,I-ACT
KG_00106,2,underway,ADV,RB,amod,underway,0,I-ACT
KG_00106,3,at,ADP,IN,prep,at,0,O
KG_00106,4,collapsed,VERB,VBN,amod,collapse,0,O
KG_00106,5,mine,ADJ,JJ,compound,mine,0,O
KG_00106,6,shaft,NOUN,NN,pobj,shaft,0,O
KG_00106,7,near,ADP,IN,prep,near,0,O
KG_00106,8,Welsh,PROPN,NNP,compound,welsh,1,B-LOC
KG_00106,9,village,NOUN,NN,pobj,village,0,I-LOC
KG_00106,10,send,VERB,VBP,ROOT,send,0,O
KG_00106,11,teams,NOUN,NNS,dobj,team,0,O
KG_00107,0,typhoon,NOUN,NN,nsubj,typhoon,0,O
KG_00107,1,ravaged,VERB,VBD,ROOT,ravage,0,O
KG_00107,2,coastal,ADJ,JJ,amod,coastal,0,O
KG_00107,3,town,NOUN,NN,dobj,town,0,O
KG_00107,4,of,ADP,IN,prep,of,0,O
KG_00107,5,Leyte,PROPN,NNP,pobj,leyte,1,B-LOC
KG_00107,6,require,VERB,VBP,conj,require,0,I-LOC
KG_00107,7,immediate,ADJ,JJ,amod,immediate,0,O
KG_00107,8,medical,ADJ,JJ,amod,medical,0,O
KG_00107,9,assistance,NOUN,NN,dobj,assistance,0,O
KG_00108,0,wildfire,NOUN,NN,ROOT,wildfire,0,O
KG_00108,1,spreading,VERB,VBG,acl,spread,0,O
KG_00108,2,toward,ADP,IN,prep,toward,0,O
KG_00108,3,residential,ADJ,JJ,amod,residential,0,B-LOC
KG_00108,4,areas,NOUN,NNS,pobj,area,0,I-LOC
KG_00108,5,near,ADP,IN,prep,near,0,O
KG_00108,6,Paradise,PROPN,NNP,compound,paradise,1,B-LOC
KG_00108,7,California,PROPN,NNP,compound,california,1,I-LOC
KG_00108,8,evacuate,NOUN,NN,pobj,evacuate,0,I-LOC
KG_00109,0,dam,PROPN,NNP,compound,dam,0,O
KG_00109,1,breach,NOUN,NN,nsubj,breach,0,O
KG_00109,2,threatening,VERB,VBG,ROOT,threaten,0,O
KG_00109,3,downstream,ADJ,JJ,amod,downstream,0,O
KG_00109,4,villages,NOUN,NNS,dobj,village,0,O
KG_00109,5,near,ADP,IN,prep,near,0,O
KG_00109,6,Wayanad,PROPN,NNP,compound,wayanad,1,B-LOC
KG_00109,7,Kerala,PROPN,NNP,pobj,kerala,1,I-LOC
KG_00109,8,send,VERB,VB,xcomp,send,0,O
KG_00109,9,NDRF,PROPN,NNP,dobj,ndrf,1,B-LOC
KG_00110,0,emergency,NOUN,NN,compound,emergency,0,B-ACT
KG_00110,1,food,NOUN,NN,compound,food,0,I-ACT
KG_00110,2,distribution,NOUN,NN,ROOT,distribution,0,O
KG_00110,3,needed,VERB,VBN,acl,need,0,B-ACT
KG_00110,4,at,ADP,IN,prep,at,0,O
KG_00110,5,cyclone,NOUN,NN,compound,cyclone,0,B-LOC
KG_00110,6,shelter,NOUN,NN,pobj,shelter,0,I-LOC
KG_00110,7,near,ADP,IN,prep,near,0,O
KG_00110,8,Bhubaneswar,PROPN,NNP,compound,bhubaneswar,1,B-LOC
KG_00110,9,airport,NOUN,NN,pobj,airport,0,I-LOC
KG_00111,0,need,VERB,VB,ROOT,need,0,B-ACT
KG_00111,1,water,NOUN,NN,compound,water,0,I-ACT
KG_00111,2,purification,NOUN,NN,compound,purification,0,I-ACT
KG_00111,3,tablets,NOUN,NNS,dobj,tablet,0,I-ACT
KG_00111,4,at,ADP,IN,prep,at,0,O
KG_00111,5,flood,NOUN,NN,compound,flood,0,B-LOC
KG_00111,6,relief,NOUN,NN,compound,relief,0,I-LOC
KG_00111,7,camp,NOUN,NN,pobj,camp,0,I-LOC
KG_00111,8,near,ADP,IN,prep,near,0,O
KG_00111,9,Patna,PROPN,NNP,compound,patna,1,B-LOC
KG_00111,10,junction,NOUN,NN,pobj,junction,0,I-LOC
KG_00112,0,rescue,NOUN,NN,compound,rescue,0,B-ACT
KG_00112,1,volunteers,NOUN,NNS,ROOT,volunteer,0,O
KG_00112,2,needed,VERB,VBN,acl,need,0,B-ACT
KG_00112,3,at,ADP,IN,prep,at,0,O
KG_00112,4,debris,NOUN,NN,compound,debris,0,B-LOC
KG_00112,5,field,NOUN,NN,pobj,field,0,I-LOC
KG_00112,6,near,ADP,IN,prep,near,0,O
KG_00112,7,collapsed,VERB,VBN,amod,collapse,0,O
KG_00112,8,building,VERB,VBG,amod,build,0,O
KG_00112,9,Beirut,PROPN,NNP,compound,beirut,1,B-LOC
KG_00112,10,port,NOUN,NN,compound,port,0,I-LOC
KG_00112,11,area,NOUN,NN,pobj,area,0,I-LOC
KG_00113,0,people,NOUN,NNS,nsubj,people,0,O
KG_00113,1,missing,VERB,VBG,acl,miss,0,O
KG_00113,2,after,ADP,IN,prep,after,0,O
KG_00113,3,bridge,NOUN,NN,compound,bridge,0,O
KG_00113,4,collapse,NOUN,NN,pobj,collapse,0,O
KG_00113,5,over,ADP,IN,prep,over,0,O
KG_00113,6,Mahanadi,PROPN,NNP,compound,mahanadi,0,O
KG_00113,7,river,NOUN,NN,pobj,river,0,B-LOC
KG_00113,8,need,VERB,VBP,ROOT,need,0,O
KG_00113,9,search,NOUN,NN,compound,search,0,O
KG_00113,10,teams,NOUN,NNS,dobj,team,0,O
KG_00114,0,supply,NOUN,NN,compound,supply,0,B-ACT
KG_00114,1,tents,NOUN,NNS,ROOT,tent,0,O
KG_00114,2,and,CCONJ,CC,cc,and,0,O
KG_00114,3,blankets,NOUN,NNS,conj,blanket,0,O
KG_00114,4,at,ADP,IN,prep,at,0,O
KG_00114,5,earthquake,NOUN,NN,compound,earthquake,0,B-LOC
KG_00114,6,victims,NOUN,NNS,compound,victim,0,I-LOC
KG_00114,7,camp,NOUN,NN,pobj,camp,0,I-LOC
KG_00114,8,near,ADP,IN,prep,near,0,O
KG_00114,9,Muzaffarabad,PROPN,NNP,pobj,muzaffarabad,1,B-LOC
KG_00115,0,collapsed,VERB,VBN,amod,collapse,0,O
KG_00115,1,building,NOUN,NN,nsubj,building,0,O
KG_00115,2,at,ADP,IN,prep,at,0,O
KG_00115,3,Bhiwandi,PROPN,NNP,compound,bhiwandi,1,B-LOC
KG_00115,4,Maharashtra,PROPN,NNP,compound,maharashtra,1,I-LOC
KG_00115,5,workers,NOUN,NNS,pobj,worker,0,I-LOC
KG_00115,6,trapped,VERB,VBN,ROOT,trap,0,O
KG_00115,7,need,NOUN,NN,compound,need,0,B-ACT
KG_00115,8,cranes,NOUN,NNS,dobj,crane,0,I-ACT
KG_00115,9,urgently,ADV,RB,advmod,urgently,0,B-ACT
KG_00116,0,relief,NOUN,NN,compound,relief,0,B-ACT
KG_00116,1,camp,NOUN,NN,nsubj,camp,0,B-LOC
KG_00116,2,at,ADP,IN,prep,at,0,O
KG_00116,3,Nizamabad,PROPN,NNP,compound,nizamabad,1,B-LOC
KG_00116,4,district,NOUN,NN,compound,district,0,I-LOC
KG_00116,5,center,NOUN,NN,pobj,center,0,I-LOC
KG_00116,6,overwhelmed,VERB,VBD,ROOT,overwhelm,0,O
KG_00116,7,need,VERB,VBP,ccomp,need,0,B-ACT
KG_00116,8,more,ADJ,JJR,amod,more,0,I-ACT
KG_00116,9,food,NOUN,NN,compound,food,0,I-ACT
KG_00116,10,supplies,NOUN,NNS,dobj,supply,0,B-ACT
KG_00117,0,fire,NOUN,NN,nsubj,fire,0,O
KG_00117,1,at,ADP,IN,prep,at,0,O
KG_00117,2,Bandra,PROPN,NNP,compound,bandra,0,B-LOC
KG_00117,3,slum,NOUN,NN,compound,slum,0,I-LOC
KG_00117,4,area,NOUN,NN,pobj,area,0,I-LOC
KG_00117,5,no,DET,DT,det,no,0,O
KG_00117,6,water,NOUN,NN,compound,water,0,O
KG_00117,7,pressure,NOUN,NN,nsubj,pressure,0,O
KG_00117,8,send,VERB,VB,ROOT,send,0,B-ACT
KG_00117,9,tanker,NOUN,NN,compound,tanker,0,I-ACT
KG_00117,10,trucks,NOUN,NNS,dobj,truck,0,I-ACT
KG_00117,11,immediately,ADV,RB,advmod,immediately,0,I-ACT
KG_00118,0,emergency,NOUN,NN,nsubj,emergency,0,B-ACT
KG_00118,1,at,ADP,IN,prep,at,0,O
KG_00118,2,Surat,PROPN,NNP,compound,surat,0,B-LOC
KG_00118,3,diamond,NOUN,NN,compound,diamond,0,I-LOC
KG_00118,4,factory,NOUN,NN,compound,factory,0,I-LOC
KG_00118,5,explosion,NOUN,NN,compound,explosion,0,I-LOC
KG_00118,6,workers,NOUN,NNS,nmod,worker,0,I-LOC
KG_00118,7,injured,VERB,VBN,amod,injure,0,O
KG_00118,8,hospital,NOUN,NN,pobj,hospital,0,O
KG_00118,9,needed,VERB,VBD,ROOT,need,0,B-ACT
KG_00119,0,school,NOUN,NN,compound,school,0,O
KG_00119,1,building,NOUN,NN,nsubj,building,0,O
KG_00119,2,collapsed,VERB,VBD,ROOT,collapse,0,O
KG_00119,3,near,ADP,IN,prep,near,0,O
KG_00119,4,Sion,PROPN,NNP,compound,sion,0,B-LOC
KG_00119,5,Mumbai,PROPN,NNP,compound,mumbai,0,I-LOC
KG_00119,6,students,NOUN,NNS,pobj,student,0,I-LOC
KG_00119,7,trapped,VERB,VBN,acl,trap,0,O
KG_00119,8,send,VERB,VBP,amod,send,0,B-ACT
KG_00119,9,rescue,NOUN,NN,compound,rescue,0,B-ACT
KG_00119,10,team,NOUN,NN,dobj,team,0,I-ACT
KG_00120,0,send,VERB,VB,ROOT,send,0,B-ACT
KG_00120,1,helicopters,NOUN,NNS,dobj,helicopter,0,I-ACT
KG_00120,2,to,PART,TO,aux,to,0,O
KG_00120,3,remote,ADJ,JJ,advcl,remote,0,O
KG_00120,4,villages,NOUN,NNS,dobj,village,0,O
KG_00120,5,near,ADP,IN,prep,near,0,O
KG_00120,6,Pin,PROPN,NNP,compound,pin,1,B-LOC
KG_00120,7,Valley,PROPN,NNP,pobj,valley,1,I-LOC
KG_00120,8,Spiti,PROPN,NNP,nsubj,spiti,0,O
KG_00120,9,cut,VERB,VBD,ROOT,cut,0,O
KG_00120,10,off,ADP,RP,prt,off,0,O
KG_00120,11,by,ADP,IN,prep,by,0,O
KG_00120,12,snow,NOUN,NN,pobj,snow,0,B-LOC
