response_id,source_type,kmeans_cluster,hierarchical_cluster
H_0001,human,0,0
H_0002,human,0,0
H_0003,human,0,0
H_0004,human,0,0
H_0005,human,0,0
H_0006,human,0,0
H_0007,human,0,0
H_0008,human,0,0
H_0009,human,0,0
H_0010,human,0,0
H_0011,human,0,0
H_0012,human,0,0
H_0013,human,0,0
H_0014,human,0,0
H_0015,human,0,0
H_0016,human,0,0
H_0017,human,0,0
H_0018,human,0,0
H_0019,human,0,0
H_0020,human,0,0
H_0021,human,0,0
H_0022,human,0,0
H_0023,human,0,0
H_0024,human,0,0
H_0025,human,0,0
H_0026,human,0,0
H_0027,human,0,0
H_0028,human,0,0
H_0029,human,0,0
H_0030,human,0,0
H_0031,human,0,0
H_0032,human,0,0
H_0033,human,0,0
H_0034,human,0,0
H_0035,human,0,0
H_0036,human,0,0
H_0037,human,0,0
H_0038,human,0,0
H_0039,human,0,0
H_0040,human,0,0
H_0041,human,0,0
H_0042,human,0,0
H_0043,human,0,0
H_0044,human,0,0
H_0045,human,0,0
H_0046,human,0,0
H_0047,human,0,0
H_0048,human,0,0
H_0049,human,0,0
H_0050,human,0,0
H_0051,human,0,0
H_0052,human,0,0
H_0053,human,0,0
H_0054,human,0,0
H_0055,human,0,0
H_0056,human,0,0
H_0057,human,0,0
H_0058,human,0,0
H_0059,human,0,0
H_0060,human,0,0
H_0061,human,0,0
H_0062,human,0,0
H_0063,human,0,0
H_0064,human,0,0
H_0065,human,0,0
H_0066,human,0,0
H_0067,human,0,0
H_0068,human,0,0
H_0069,human,0,0
H_0070,human,0,0
H_0071,human,0,0
H_0072,human,0,0
H_0073,human,0,0
H_0074,human,0,0
H_0075,human,0,0
H_0076,human,0,0
H_0077,human,0,0
H_0078,human,0,0
H_0079,human,0,0
H_0080,human,0,0
H_0081,human,0,0
H_0082,human,0,0
H_0083,human,0,0
H_0084,human,0,0
H_0085,human,0,0
H_0086,human,0,0
H_0087,human,0,0
H_0088,human,0,0
H_0089,human,0,0
H_0090,human,0,0
H_0091,human,0,0
H_0092,human,0,0
H_0093,human,0,0
H_0094,human,0,0
H_0095,human,0,0
H_0096,human,0,0
H_0097,human,0,0
H_0098,human,0,0
H_0099,human,0,0
H_0100,human,0,0
H_0101,human,0,0
H_0102,human,0,0
H_0103,human,0,0
H_0104,human,0,0
H_0105,human,0,0
H_0106,human,0,0
H_0107,human,0,0
H_0108,human,0,0
H_0109,human,0,0
H_0110,human,0,0
H_0111,human,0,0
H_0112,human,0,0
H_0113,human,0,0
H_0114,human,0,0
H_0115,human,0,0
H_0116,human,0,0
H_0117,human,0,0
H_0118,human,0,0
H_0119,human,0,0
H_0120,human,0,0
H_0121,human,0,0
H_0122,human,0,0
H_0123,human,0,0
H_0124,human,0,0
H_0125,human,0,0
H_0126,human,0,0
H_0127,human,0,0
H_0128,human,0,0
H_0129,human,0,0
H_0130,human,0,0
H_0131,human,0,0
H_0132,human,0,0
H_0133,human,0,0
H_0134,human,0,0
H_0135,human,0,0
H_0136,human,0,0
H_0137,human,0,0
H_0138,human,0,0
H_0139,human,0,0
H_0140,human,0,0
H_0141,human,0,0
H_0142,human,0,0
H_0143,human,0,0
H_0144,human,0,0
H_0145,human,0,0
H_0146,human,0,0
H_0147,human,0,0
H_0148,human,0,0
H_0149,human,0,0
H_0150,human,0,0
H_0151,human,0,0
H_0152,human,0,0
H_0153,human,0,0
H_0154,human,0,0
H_0155,human,0,0
H_0156,human,0,0
H_0157,human,0,0
H_0158,human,0,0
H_0159,human,0,0
H_0160,human,0,0
H_0161,human,0,0
H_0162,human,0,0
H_0163,human,0,0
H_0164,human,0,0
H_0165,human,0,0
H_0166,human,0,0
H_0167,human,0,0
H_0168,human,0,0
H_0169,human,0,0
H_0170,human,0,0
H_0171,human,0,0
H_0172,human,0,0
H_0173,human,0,0
H_0174,human,0,0
H_0175,human,0,0
H_0176,human,0,0
H_0177,human,0,0
H_0178,human,0,0
H_0179,human,0,0
H_0180,human,0,0
AI_0001,AI,1,1
AI_0002,AI,1,1
AI_0003,AI,1,1
AI_0004,AI,1,1
AI_0005,AI,1,1
AI_0006,AI,1,1
AI_0007,AI,1,1
AI_0008,AI,1,1
AI_0009,AI,1,1
AI_0010,AI,1,1
AI_0011,AI,1,1
AI_0012,AI,1,1
AI_0013,AI,1,1
AI_0014,AI,1,1
AI_0015,AI,1,1
AI_0016,AI,1,1
AI_0017,AI,1,1
AI_0018,AI,1,1
AI_0019,AI,1,1
AI_0020,AI,1,1
AI_0021,AI,1,1
AI_0022,AI,1,1
AI_0023,AI,1,1
AI_0024,AI,1,1
AI_0025,AI,1,1
AI_0026,AI,1,1
AI_0027,AI,1,1
AI_0028,AI,1,1
AI_0029,AI,1,1
AI_0030,AI,1,1
AI_0031,AI,1,1
AI_0032,AI,1,1
AI_0033,AI,1,1
AI_0034,AI,1,1
AI_0035,AI,1,1
AI_0036,AI,1,1
AI_0037,AI,1,1
AI_0038,AI,1,1
AI_0039,AI,1,1
AI_0040,AI,1,1
AI_0041,AI,1,1
AI_0042,AI,1,1
AI_0043,AI,1,1
AI_0044,AI,1,1
AI_0045,AI,1,1
AI_0046,AI,1,1
AI_0047,AI,1,1
AI_0048,AI,1,1
AI_0049,AI,1,1
AI_0050,AI,1,1
AI_0051,AI,1,1
AI_0052,AI,1,1
AI_0053,AI,1,1
AI_0054,AI,1,1
AI_0055,AI,1,1
AI_0056,AI,1,1
AI_0057,AI,1,1
AI_0058,AI,1,1
AI_0059,AI,1,1
AI_0060,AI,1,1
AI_0061,AI,1,1
AI_0062,AI,1,1
AI_0063,AI,1,1
AI_0064,AI,1,1
AI_0065,AI,1,1
AI_0066,AI,1,1
AI_0067,AI,1,1
AI_0068,AI,1,1
AI_0069,AI,1,1
AI_0070,AI,1,1
AI_0071,AI,1,1
AI_0072,AI,1,1
AI_0073,AI,1,1
AI_0074,AI,1,1
AI_0075,AI,1,1
AI_0076,AI,1,1
AI_0077,AI,1,1
AI_0078,AI,1,1
AI_0079,AI,1,1
AI_0080,AI,1,1
AI_0081,AI,1,1
AI_0082,AI,1,1
AI_0083,AI,1,1
AI_0084,AI,1,0
AI_0085,AI,1,1
AI_0086,AI,1,1
AI_0087,AI,1,1
AI_0088,AI,1,0
AI_0089,AI,1,1
AI_0090,AI,1,1
AI_0091,AI,1,1
AI_0092,AI,1,0
AI_0093,AI,1,1
AI_0094,AI,1,1
AI_0095,AI,1,1
AI_0096,AI,1,0
AI_0097,AI,1,1
AI_0098,AI,1,1
AI_0099,AI,1,1
AI_0100,AI,1,0
AI_0101,AI,1,1
AI_0102,AI,1,1
AI_0103,AI,1,1
AI_0104,AI,1,0
AI_0105,AI,1,1
AI_0106,AI,1,1
AI_0107,AI,1,1
AI_0108,AI,1,0
AI_0109,AI,1,1
AI_0110,AI,1,1
AI_0111,AI,1,1
AI_0112,AI,1,0
AI_0113,AI,1,1
AI_0114,AI,1,1
AI_0115,AI,1,1
AI_0116,AI,1,0
AI_0117,AI,1,1
AI_0118,AI,1,1
AI_0119,AI,1,1
AI_0120,AI,1,0
AI_0121,AI,1,1
AI_0122,AI,1,1
AI_0123,AI,1,1
AI_0124,AI,1,1
AI_0125,AI,1,1
AI_0126,AI,1,1
AI_0127,AI,1,1
AI_0128,AI,1,1
AI_0129,AI,1,1
AI_0130,AI,1,1
AI_0131,AI,1,1
AI_0132,AI,1,1
AI_0133,AI,1,1
AI_0134,AI,1,1
AI_0135,AI,1,1
AI_0136,AI,1,1
AI_0137,AI,1,1
AI_0138,AI,1,1
AI_0139,AI,1,1
AI_0140,AI,1,1
AI_0141,AI,1,1
AI_0142,AI,1,1
AI_0143,AI,1,1
AI_0144,AI,1,1
AI_0145,AI,1,1
AI_0146,AI,1,1
AI_0147,AI,1,1
AI_0148,AI,1,1
AI_0149,AI,1,1
AI_0150,AI,1,1
AI_0151,AI,1,1
AI_0152,AI,1,1
AI_0153,AI,1,1
AI_0154,AI,1,1
AI_0155,AI,1,1
AI_0156,AI,1,1
AI_0157,AI,1,1
AI_0158,AI,1,1
AI_0159,AI,1,1
AI_0160,AI,1,1
AI_0161,AI,1,1
AI_0162,AI,1,1
AI_0163,AI,1,1
AI_0164,AI,1,1
AI_0165,AI,1,1
AI_0166,AI,1,1
AI_0167,AI,1,1
AI_0168,AI,1,1
AI_0169,AI,1,1
AI_0170,AI,1,1
AI_0171,AI,1,1
AI_0172,AI,1,0
AI_0173,AI,1,1
AI_0174,AI,1,1
AI_0175,AI,1,1
AI_0176,AI,1,1
AI_0177,AI,1,1
AI_0178,AI,1,1
AI_0179,AI,1,1
AI_0180,AI,1,1
