response_id,source_type,avg_sentence_length,num_sentences,num_words,parse_tree_depth,type_token_ratio,passive_ratio,hedge_count,hedge_rate,discourse_count,discourse_rate,avg_word_length,punct_ratio,pct_noun,pct_verb,pct_adj,pct_adv,pct_pron
H_0001,human,6.5,2,13,4.5,0.9230769230769231,0.0,0,0.0,0,0.0,4.3076923076923075,0.13333333333333333,0.15384615384615385,0.15384615384615385,0.15384615384615385,0.23076923076923078,0.15384615384615385
H_0002,human,5.0,3,15,3.0,1.0,0.3333333333333333,0,0.0,1,0.06666666666666667,4.133333333333334,0.16666666666666666,0.13333333333333333,0.26666666666666666,0.06666666666666667,0.13333333333333333,0.06666666666666667
H_0003,human,5.0,3,15,3.3333333333333335,1.0,0.0,0,0.0,0,0.0,5.066666666666666,0.16666666666666666,0.13333333333333333,0.26666666666666666,0.06666666666666667,0.13333333333333333,0.13333333333333333
H_0004,human,6.0,2,12,3.0,1.0,0.0,0,0.0,0,0.0,4.25,0.2,0.16666666666666666,0.16666666666666666,0.16666666666666666,0.0,0.16666666666666666
H_0005,human,6.5,2,13,4.5,0.9230769230769231,0.0,0,0.0,0,0.0,4.3076923076923075,0.13333333333333333,0.15384615384615385,0.15384615384615385,0.15384615384615385,0.23076923076923078,0.15384615384615385
H_0006,human,5.0,3,15,3.0,1.0,0.3333333333333333,0,0.0,1,0.06666666666666667,4.133333333333334,0.16666666666666666,0.13333333333333333,0.26666666666666666,0.06666666666666667,0.13333333333333333,0.06666666666666667
H_0007,human,5.0,3,15,3.3333333333333335,1.0,0.0,0,0.0,0,0.0,5.066666666666666,0.16666666666666666,0.13333333333333333,0.26666666666666666,0.06666666666666667,0.13333333333333333,0.13333333333333333
H_0008,human,6.0,2,12,3.0,1.0,0.0,0,0.0,0,0.0,4.25,0.2,0.16666666666666666,0.16666666666666666,0.16666666666666666,0.0,0.16666666666666666
H_0009,human,6.5,2,13,4.5,0.9230769230769231,0.0,0,0.0,0,0.0,4.3076923076923075,0.13333333333333333,0.15384615384615385,0.15384615384615385,0.15384615384615385,0.23076923076923078,0.15384615384615385
H_0010,human,5.0,3,15,3.0,1.0,0.3333333333333333,0,0.0,1,0.06666666666666667,4.133333333333334,0.16666666666666666,0.13333333333333333,0.26666666666666666,0.06666666666666667,0.13333333333333333,0.06666666666666667
H_0011,human,5.0,3,15,3.3333333333333335,1.0,0.0,0,0.0,0,0.0,5.066666666666666,0.16666666666666666,0.13333333333333333,0.26666666666666666,0.06666666666666667,0.13333333333333333,0.13333333333333333
H_0012,human,6.0,2,12,3.0,1.0,0.0,0,0.0,0,0.0,4.25,0.2,0.16666666666666666,0.16666666666666666,0.16666666666666666,0.0,0.16666666666666666
H_0013,human,6.5,2,13,4.5,0.9230769230769231,0.0,0,0.0,0,0.0,4.3076923076923075,0.13333333333333333,0.15384615384615385,0.15384615384615385,0.15384615384615385,0.23076923076923078,0.15384615384615385
H_0014,human,5.0,3,15,3.0,1.0,0.3333333333333333,0,0.0,1,0.06666666666666667,4.133333333333334,0.16666666666666666,0.13333333333333333,0.26666666666666666,0.06666666666666667,0.13333333333333333,0.06666666666666667
H_0015,human,5.0,3,15,3.3333333333333335,1.0,0.0,0,0.0,0,0.0,5.066666666666666,0.16666666666666666,0.13333333333333333,0.26666666666666666,0.06666666666666667,0.13333333333333333,0.13333333333333333
H_0016,human,6.0,2,12,3.0,1.0,0.0,0,0.0,0,0.0,4.25,0.2,0.16666666666666666,0.16666666666666666,0.16666666666666666,0.0,0.16666666666666666
H_0017,human,6.5,2,13,4.5,0.9230769230769231,0.0,0,0.0,0,0.0,4.3076923076923075,0.13333333333333333,0.15384615384615385,0.15384615384615385,0.15384615384615385,0.23076923076923078,0.15384615384615385
H_0018,human,5.0,3,15,3.0,1.0,0.3333333333333333,0,0.0,1,0.06666666666666667,4.133333333333334,0.16666666666666666,0.13333333333333333,0.26666666666666666,0.06666666666666667,0.13333333333333333,0.06666666666666667
H_0019,human,5.0,3,15,3.3333333333333335,1.0,0.0,0,0.0,0,0.0,5.066666666666666,0.16666666666666666,0.13333333333333333,0.26666666666666666,0.06666666666666667,0.13333333333333333,0.13333333333333333
H_0020,human,6.0,2,12,3.0,1.0,0.0,0,0.0,0,0.0,4.25,0.2,0.16666666666666666,0.16666666666666666,0.16666666666666666,0.0,0.16666666666666666
H_0021,human,6.5,2,13,4.5,0.9230769230769231,0.0,0,0.0,0,0.0,4.3076923076923075,0.13333333333333333,0.15384615384615385,0.15384615384615385,0.15384615384615385,0.23076923076923078,0.15384615384615385
H_0022,human,5.0,3,15,3.0,1.0,0.3333333333333333,0,0.0,1,0.06666666666666667,4.133333333333334,0.16666666666666666,0.13333333333333333,0.26666666666666666,0.06666666666666667,0.13333333333333333,0.06666666666666667
H_0023,human,5.0,3,15,3.3333333333333335,1.0,0.0,0,0.0,0,0.0,5.066666666666666,0.16666666666666666,0.13333333333333333,0.26666666666666666,0.06666666666666667,0.13333333333333333,0.13333333333333333
H_0024,human,6.0,2,12,3.0,1.0,0.0,0,0.0,0,0.0,4.25,0.2,0.16666666666666666,0.16666666666666666,0.16666666666666666,0.0,0.16666666666666666
H_0025,human,6.5,2,13,4.5,0.9230769230769231,0.0,0,0.0,0,0.0,4.3076923076923075,0.13333333333333333,0.15384615384615385,0.15384615384615385,0.15384615384615385,0.23076923076923078,0.15384615384615385
H_0026,human,5.0,3,15,3.0,1.0,0.3333333333333333,0,0.0,1,0.06666666666666667,4.133333333333334,0.16666666666666666,0.13333333333333333,0.26666666666666666,0.06666666666666667,0.13333333333333333,0.06666666666666667
H_0027,human,5.0,3,15,3.3333333333333335,1.0,0.0,0,0.0,0,0.0,5.066666666666666,0.16666666666666666,0.13333333333333333,0.26666666666666666,0.06666666666666667,0.13333333333333333,0.13333333333333333
H_0028,human,6.0,2,12,3.0,1.0,0.0,0,0.0,0,0.0,4.25,0.2,0.16666666666666666,0.16666666666666666,0.16666666666666666,0.0,0.16666666666666666
H_0029,human,6.5,2,13,4.5,0.9230769230769231,0.0,0,0.0,0,0.0,4.3076923076923075,0.13333333333333333,0.15384615384615385,0.15384615384615385,0.15384615384615385,0.23076923076923078,0.15384615384615385
H_0030,human,5.0,3,15,3.0,1.0,0.3333333333333333,0,0.0,1,0.06666666666666667,4.133333333333334,0.16666666666666666,0.13333333333333333,0.26666666666666666,0.06666666666666667,0.13333333333333333,0.06666666666666667
H_0031,human,5.0,3,15,3.3333333333333335,1.0,0.0,0,0.0,0,0.0,5.066666666666666,0.16666666666666666,0.13333333333333333,0.26666666666666666,0.06666666666666667,0.13333333333333333,0.13333333333333333
H_0032,human,6.0,2,12,3.0,1.0,0.0,0,0.0,0,0.0,4.25,0.2,0.16666666666666666,0.16666666666666666,0.16666666666666666,0.0,0.16666666666666666
H_0033,human,6.5,2,13,4.5,0.9230769230769231,0.0,0,0.0,0,0.0,4.3076923076923075,0.13333333333333333,0.15384615384615385,0.15384615384615385,0.15384615384615385,0.23076923076923078,0.15384615384615385
H_0034,human,5.0,3,15,3.0,1.0,0.3333333333333333,0,0.0,1,0.06666666666666667,4.133333333333334,0.16666666666666666,0.13333333333333333,0.26666666666666666,0.06666666666666667,0.13333333333333333,0.06666666666666667
H_0035,human,5.0,3,15,3.3333333333333335,1.0,0.0,0,0.0,0,0.0,5.066666666666666,0.16666666666666666,0.13333333333333333,0.26666666666666666,0.06666666666666667,0.13333333333333333,0.13333333333333333
H_0036,human,6.0,2,12,3.0,1.0,0.0,0,0.0,0,0.0,4.25,0.2,0.16666666666666666,0.16666666666666666,0.16666666666666666,0.0,0.16666666666666666
H_0037,human,6.5,2,13,4.5,0.9230769230769231,0.0,0,0.0,0,0.0,4.3076923076923075,0.13333333333333333,0.15384615384615385,0.15384615384615385,0.15384615384615385,0.23076923076923078,0.15384615384615385
H_0038,human,5.0,3,15,3.0,1.0,0.3333333333333333,0,0.0,1,0.06666666666666667,4.133333333333334,0.16666666666666666,0.13333333333333333,0.26666666666666666,0.06666666666666667,0.13333333333333333,0.06666666666666667
H_0039,human,5.0,3,15,3.3333333333333335,1.0,0.0,0,0.0,0,0.0,5.066666666666666,0.16666666666666666,0.13333333333333333,0.26666666666666666,0.06666666666666667,0.13333333333333333,0.13333333333333333
H_0040,human,6.0,2,12,3.0,1.0,0.0,0,0.0,0,0.0,4.25,0.2,0.16666666666666666,0.16666666666666666,0.16666666666666666,0.0,0.16666666666666666
H_0041,human,7.5,2,15,3.5,0.8666666666666667,0.0,0,0.0,0,0.0,4.4,0.11764705882352941,0.13333333333333333,0.13333333333333333,0.06666666666666667,0.2,0.2
H_0042,human,7.5,2,15,4.0,1.0,0.0,0,0.0,1,0.06666666666666667,5.0,0.11764705882352941,0.2,0.2,0.13333333333333333,0.06666666666666667,0.2
H_0043,human,7.0,2,14,3.0,0.9285714285714286,0.0,0,0.0,0,0.0,4.571428571428571,0.17647058823529413,0.35714285714285715,0.14285714285714285,0.21428571428571427,0.07142857142857142,0.0
H_0044,human,6.0,2,12,4.0,1.0,0.0,1,0.08333333333333333,0,0.0,4.166666666666667,0.2,0.16666666666666666,0.16666666666666666,0.08333333333333333,0.08333333333333333,0.16666666666666666
H_0045,human,7.5,2,15,3.5,0.8666666666666667,0.0,0,0.0,0,0.0,4.4,0.11764705882352941,0.13333333333333333,0.13333333333333333,0.06666666666666667,0.2,0.2
H_0046,human,7.5,2,15,4.0,1.0,0.0,0,0.0,1,0.06666666666666667,5.0,0.11764705882352941,0.2,0.2,0.13333333333333333,0.06666666666666667,0.2
H_0047,human,7.0,2,14,3.0,0.9285714285714286,0.0,0,0.0,0,0.0,4.571428571428571,0.17647058823529413,0.35714285714285715,0.14285714285714285,0.21428571428571427,0.07142857142857142,0.0
H_0048,human,6.0,2,12,4.0,1.0,0.0,1,0.08333333333333333,0,0.0,4.166666666666667,0.2,0.16666666666666666,0.16666666666666666,0.08333333333333333,0.08333333333333333,0.16666666666666666
H_0049,human,7.5,2,15,3.5,0.8666666666666667,0.0,0,0.0,0,0.0,4.4,0.11764705882352941,0.13333333333333333,0.13333333333333333,0.06666666666666667,0.2,0.2
H_0050,human,7.5,2,15,4.0,1.0,0.0,0,0.0,1,0.06666666666666667,5.0,0.11764705882352941,0.2,0.2,0.13333333333333333,0.06666666666666667,0.2
H_0051,human,7.0,2,14,3.0,0.9285714285714286,0.0,0,0.0,0,0.0,4.571428571428571,0.17647058823529413,0.35714285714285715,0.14285714285714285,0.21428571428571427,0.07142857142857142,0.0
H_0052,human,6.0,2,12,4.0,1.0,0.0,1,0.08333333333333333,0,0.0,4.166666666666667,0.2,0.16666666666666666,0.16666666666666666,0.08333333333333333,0.08333333333333333,0.16666666666666666
H_0053,human,7.5,2,15,3.5,0.8666666666666667,0.0,0,0.0,0,0.0,4.4,0.11764705882352941,0.13333333333333333,0.13333333333333333,0.06666666666666667,0.2,0.2
H_0054,human,7.5,2,15,4.0,1.0,0.0,0,0.0,1,0.06666666666666667,5.0,0.11764705882352941,0.2,0.2,0.13333333333333333,0.06666666666666667,0.2
H_0055,human,7.0,2,14,3.0,0.9285714285714286,0.0,0,0.0,0,0.0,4.571428571428571,0.17647058823529413,0.35714285714285715,0.14285714285714285,0.21428571428571427,0.07142857142857142,0.0
H_0056,human,6.0,2,12,4.0,1.0,0.0,1,0.08333333333333333,0,0.0,4.166666666666667,0.2,0.16666666666666666,0.16666666666666666,0.08333333333333333,0.08333333333333333,0.16666666666666666
H_0057,human,7.5,2,15,3.5,0.8666666666666667,0.0,0,0.0,0,0.0,4.4,0.11764705882352941,0.13333333333333333,0.13333333333333333,0.06666666666666667,0.2,0.2
H_0058,human,7.5,2,15,4.0,1.0,0.0,0,0.0,1,0.06666666666666667,5.0,0.11764705882352941,0.2,0.2,0.13333333333333333,0.06666666666666667,0.2
H_0059,human,7.0,2,14,3.0,0.9285714285714286,0.0,0,0.0,0,0.0,4.571428571428571,0.17647058823529413,0.35714285714285715,0.14285714285714285,0.21428571428571427,0.07142857142857142,0.0
H_0060,human,6.0,2,12,4.0,1.0,0.0,1,0.08333333333333333,0,0.0,4.166666666666667,0.2,0.16666666666666666,0.16666666666666666,0.08333333333333333,0.08333333333333333,0.16666666666666666
H_0061,human,7.5,2,15,3.5,0.8666666666666667,0.0,0,0.0,0,0.0,4.4,0.11764705882352941,0.13333333333333333,0.13333333333333333,0.06666666666666667,0.2,0.2
H_0062,human,7.5,2,15,4.0,1.0,0.0,0,0.0,1,0.06666666666666667,5.0,0.11764705882352941,0.2,0.2,0.13333333333333333,0.06666666666666667,0.2
H_0063,human,7.0,2,14,3.0,0.9285714285714286,0.0,0,0.0,0,0.0,4.571428571428571,0.17647058823529413,0.35714285714285715,0.14285714285714285,0.21428571428571427,0.07142857142857142,0.0
H_0064,human,6.0,2,12,4.0,1.0,0.0,1,0.08333333333333333,0,0.0,4.166666666666667,0.2,0.16666666666666666,0.16666666666666666,0.08333333333333333,0.08333333333333333,0.16666666666666666
H_0065,human,7.5,2,15,3.5,0.8666666666666667,0.0,0,0.0,0,0.0,4.4,0.11764705882352941,0.13333333333333333,0.13333333333333333,0.06666666666666667,0.2,0.2
H_0066,human,7.5,2,15,4.0,1.0,0.0,0,0.0,1,0.06666666666666667,5.0,0.11764705882352941,0.2,0.2,0.13333333333333333,0.06666666666666667,0.2
H_0067,human,7.0,2,14,3.0,0.9285714285714286,0.0,0,0.0,0,0.0,4.571428571428571,0.17647058823529413,0.35714285714285715,0.14285714285714285,0.21428571428571427,0.07142857142857142,0.0
H_0068,human,6.0,2,12,4.0,1.0,0.0,1,0.08333333333333333,0,0.0,4.166666666666667,0.2,0.16666666666666666,0.16666666666666666,0.08333333333333333,0.08333333333333333,0.16666666666666666
H_0069,human,7.5,2,15,3.5,0.8666666666666667,0.0,0,0.0,0,0.0,4.4,0.11764705882352941,0.13333333333333333,0.13333333333333333,0.06666666666666667,0.2,0.2
H_0070,human,7.5,2,15,4.0,1.0,0.0,0,0.0,1,0.06666666666666667,5.0,0.11764705882352941,0.2,0.2,0.13333333333333333,0.06666666666666667,0.2
H_0071,human,7.0,2,14,3.0,0.9285714285714286,0.0,0,0.0,0,0.0,4.571428571428571,0.17647058823529413,0.35714285714285715,0.14285714285714285,0.21428571428571427,0.07142857142857142,0.0
H_0072,human,6.0,2,12,4.0,1.0,0.0,1,0.08333333333333333,0,0.0,4.166666666666667,0.2,0.16666666666666666,0.16666666666666666,0.08333333333333333,0.08333333333333333,0.16666666666666666
H_0073,human,7.5,2,15,3.5,0.8666666666666667,0.0,0,0.0,0,0.0,4.4,0.11764705882352941,0.13333333333333333,0.13333333333333333,0.06666666666666667,0.2,0.2
H_0074,human,7.5,2,15,4.0,1.0,0.0,0,0.0,1,0.06666666666666667,5.0,0.11764705882352941,0.2,0.2,0.13333333333333333,0.06666666666666667,0.2
H_0075,human,7.0,2,14,3.0,0.9285714285714286,0.0,0,0.0,0,0.0,4.571428571428571,0.17647058823529413,0.35714285714285715,0.14285714285714285,0.21428571428571427,0.07142857142857142,0.0
H_0076,human,6.0,2,12,4.0,1.0,0.0,1,0.08333333333333333,0,0.0,4.166666666666667,0.2,0.16666666666666666,0.16666666666666666,0.08333333333333333,0.08333333333333333,0.16666666666666666
H_0077,human,7.5,2,15,3.5,0.8666666666666667,0.0,0,0.0,0,0.0,4.4,0.11764705882352941,0.13333333333333333,0.13333333333333333,0.06666666666666667,0.2,0.2
H_0078,human,7.5,2,15,4.0,1.0,0.0,0,0.0,1,0.06666666666666667,5.0,0.11764705882352941,0.2,0.2,0.13333333333333333,0.06666666666666667,0.2
H_0079,human,7.0,2,14,3.0,0.9285714285714286,0.0,0,0.0,0,0.0,4.571428571428571,0.17647058823529413,0.35714285714285715,0.14285714285714285,0.21428571428571427,0.07142857142857142,0.0
H_0080,human,6.0,2,12,4.0,1.0,0.0,1,0.08333333333333333,0,0.0,4.166666666666667,0.2,0.16666666666666666,0.16666666666666666,0.08333333333333333,0.08333333333333333,0.16666666666666666
H_0081,human,7.5,2,15,3.5,1.0,0.0,0,0.0,0,0.0,4.8,0.16666666666666666,0.13333333333333333,0.2,0.06666666666666667,0.2,0.2
H_0082,human,7.0,2,14,3.0,1.0,0.0,0,0.0,0,0.0,4.857142857142857,0.17647058823529413,0.21428571428571427,0.21428571428571427,0.07142857142857142,0.14285714285714285,0.14285714285714285
H_0083,human,7.5,2,15,4.0,1.0,0.0,0,0.0,0,0.0,4.533333333333333,0.16666666666666666,0.26666666666666666,0.13333333333333333,0.2,0.13333333333333333,0.06666666666666667
H_0084,human,8.5,2,17,3.0,0.8823529411764706,0.0,1,0.058823529411764705,0,0.0,4.352941176470588,0.10526315789473684,0.23529411764705882,0.11764705882352941,0.17647058823529413,0.11764705882352941,0.0
H_0085,human,7.5,2,15,3.5,1.0,0.0,0,0.0,0,0.0,4.8,0.16666666666666666,0.13333333333333333,0.2,0.06666666666666667,0.2,0.2
H_0086,human,7.0,2,14,3.0,1.0,0.0,0,0.0,0,0.0,4.857142857142857,0.17647058823529413,0.21428571428571427,0.21428571428571427,0.07142857142857142,0.14285714285714285,0.14285714285714285
H_0087,human,7.5,2,15,4.0,1.0,0.0,0,0.0,0,0.0,4.533333333333333,0.16666666666666666,0.26666666666666666,0.13333333333333333,0.2,0.13333333333333333,0.06666666666666667
H_0088,human,8.5,2,17,3.0,0.8823529411764706,0.0,1,0.058823529411764705,0,0.0,4.352941176470588,0.10526315789473684,0.23529411764705882,0.11764705882352941,0.17647058823529413,0.11764705882352941,0.0
H_0089,human,7.5,2,15,3.5,1.0,0.0,0,0.0,0,0.0,4.8,0.16666666666666666,0.13333333333333333,0.2,0.06666666666666667,0.2,0.2
H_0090,human,7.0,2,14,3.0,1.0,0.0,0,0.0,0,0.0,4.857142857142857,0.17647058823529413,0.21428571428571427,0.21428571428571427,0.07142857142857142,0.14285714285714285,0.14285714285714285
H_0091,human,7.5,2,15,4.0,1.0,0.0,0,0.0,0,0.0,4.533333333333333,0.16666666666666666,0.26666666666666666,0.13333333333333333,0.2,0.13333333333333333,0.06666666666666667
H_0092,human,8.5,2,17,3.0,0.8823529411764706,0.0,1,0.058823529411764705,0,0.0,4.352941176470588,0.10526315789473684,0.23529411764705882,0.11764705882352941,0.17647058823529413,0.11764705882352941,0.0
H_0093,human,7.5,2,15,3.5,1.0,0.0,0,0.0,0,0.0,4.8,0.16666666666666666,0.13333333333333333,0.2,0.06666666666666667,0.2,0.2
H_0094,human,7.0,2,14,3.0,1.0,0.0,0,0.0,0,0.0,4.857142857142857,0.17647058823529413,0.21428571428571427,0.21428571428571427,0.07142857142857142,0.14285714285714285,0.14285714285714285
H_0095,human,7.5,2,15,4.0,1.0,0.0,0,0.0,0,0.0,4.533333333333333,0.16666666666666666,0.26666666666666666,0.13333333333333333,0.2,0.13333333333333333,0.06666666666666667
H_0096,human,8.5,2,17,3.0,0.8823529411764706,0.0,1,0.058823529411764705,0,0.0,4.352941176470588,0.10526315789473684,0.23529411764705882,0.11764705882352941,0.17647058823529413,0.11764705882352941,0.0
H_0097,human,7.5,2,15,3.5,1.0,0.0,0,0.0,0,0.0,4.8,0.16666666666666666,0.13333333333333333,0.2,0.06666666666666667,0.2,0.2
H_0098,human,7.0,2,14,3.0,1.0,0.0,0,0.0,0,0.0,4.857142857142857,0.17647058823529413,0.21428571428571427,0.21428571428571427,0.07142857142857142,0.14285714285714285,0.14285714285714285
H_0099,human,7.5,2,15,4.0,1.0,0.0,0,0.0,0,0.0,4.533333333333333,0.16666666666666666,0.26666666666666666,0.13333333333333333,0.2,0.13333333333333333,0.06666666666666667
H_0100,human,8.5,2,17,3.0,0.8823529411764706,0.0,1,0.058823529411764705,0,0.0,4.352941176470588,0.10526315789473684,0.23529411764705882,0.11764705882352941,0.17647058823529413,0.11764705882352941,0.0
H_0101,human,7.5,2,15,3.5,1.0,0.0,0,0.0,0,0.0,4.8,0.16666666666666666,0.13333333333333333,0.2,0.06666666666666667,0.2,0.2
H_0102,human,7.0,2,14,3.0,1.0,0.0,0,0.0,0,0.0,4.857142857142857,0.17647058823529413,0.21428571428571427,0.21428571428571427,0.07142857142857142,0.14285714285714285,0.14285714285714285
H_0103,human,7.5,2,15,4.0,1.0,0.0,0,0.0,0,0.0,4.533333333333333,0.16666666666666666,0.26666666666666666,0.13333333333333333,0.2,0.13333333333333333,0.06666666666666667
H_0104,human,8.5,2,17,3.0,0.8823529411764706,0.0,1,0.058823529411764705,0,0.0,4.352941176470588,0.10526315789473684,0.23529411764705882,0.11764705882352941,0.17647058823529413,0.11764705882352941,0.0
H_0105,human,7.5,2,15,3.5,1.0,0.0,0,0.0,0,0.0,4.8,0.16666666666666666,0.13333333333333333,0.2,0.06666666666666667,0.2,0.2
H_0106,human,7.0,2,14,3.0,1.0,0.0,0,0.0,0,0.0,4.857142857142857,0.17647058823529413,0.21428571428571427,0.21428571428571427,0.07142857142857142,0.14285714285714285,0.14285714285714285
H_0107,human,7.5,2,15,4.0,1.0,0.0,0,0.0,0,0.0,4.533333333333333,0.16666666666666666,0.26666666666666666,0.13333333333333333,0.2,0.13333333333333333,0.06666666666666667
H_0108,human,8.5,2,17,3.0,0.8823529411764706,0.0,1,0.058823529411764705,0,0.0,4.352941176470588,0.10526315789473684,0.23529411764705882,0.11764705882352941,0.17647058823529413,0.11764705882352941,0.0
H_0109,human,7.5,2,15,3.5,1.0,0.0,0,0.0,0,0.0,4.8,0.16666666666666666,0.13333333333333333,0.2,0.06666666666666667,0.2,0.2
H_0110,human,7.0,2,14,3.0,1.0,0.0,0,0.0,0,0.0,4.857142857142857,0.17647058823529413,0.21428571428571427,0.21428571428571427,0.07142857142857142,0.14285714285714285,0.14285714285714285
H_0111,human,7.5,2,15,4.0,1.0,0.0,0,0.0,0,0.0,4.533333333333333,0.16666666666666666,0.26666666666666666,0.13333333333333333,0.2,0.13333333333333333,0.06666666666666667
H_0112,human,8.5,2,17,3.0,0.8823529411764706,0.0,1,0.058823529411764705,0,0.0,4.352941176470588,0.10526315789473684,0.23529411764705882,0.11764705882352941,0.17647058823529413,0.11764705882352941,0.0
H_0113,human,7.5,2,15,3.5,1.0,0.0,0,0.0,0,0.0,4.8,0.16666666666666666,0.13333333333333333,0.2,0.06666666666666667,0.2,0.2
H_0114,human,7.0,2,14,3.0,1.0,0.0,0,0.0,0,0.0,4.857142857142857,0.17647058823529413,0.21428571428571427,0.21428571428571427,0.07142857142857142,0.14285714285714285,0.14285714285714285
H_0115,human,7.5,2,15,4.0,1.0,0.0,0,0.0,0,0.0,4.533333333333333,0.16666666666666666,0.26666666666666666,0.13333333333333333,0.2,0.13333333333333333,0.06666666666666667
H_0116,human,8.5,2,17,3.0,0.8823529411764706,0.0,1,0.058823529411764705,0,0.0,4.352941176470588,0.10526315789473684,0.23529411764705882,0.11764705882352941,0.17647058823529413,0.11764705882352941,0.0
H_0117,human,7.5,2,15,3.5,1.0,0.0,0,0.0,0,0.0,4.8,0.16666666666666666,0.13333333333333333,0.2,0.06666666666666667,0.2,0.2
H_0118,human,7.0,2,14,3.0,1.0,0.0,0,0.0,0,0.0,4.857142857142857,0.17647058823529413,0.21428571428571427,0.21428571428571427,0.07142857142857142,0.14285714285714285,0.14285714285714285
H_0119,human,7.5,2,15,4.0,1.0,0.0,0,0.0,0,0.0,4.533333333333333,0.16666666666666666,0.26666666666666666,0.13333333333333333,0.2,0.13333333333333333,0.06666666666666667
H_0120,human,8.5,2,17,3.0,0.8823529411764706,0.0,1,0.058823529411764705,0,0.0,4.352941176470588,0.10526315789473684,0.23529411764705882,0.11764705882352941,0.17647058823529413,0.11764705882352941,0.0
H_0121,human,6.0,3,18,3.3333333333333335,0.9444444444444444,0.5,1,0.05555555555555555,1,0.05555555555555555,3.7777777777777777,0.14285714285714285,0.05555555555555555,0.2222222222222222,0.1111111111111111,0.2222222222222222,0.16666666666666666
H_0122,human,4.5,2,9,3.0,1.0,0.0,1,0.1111111111111111,0,0.0,6.222222222222222,0.18181818181818182,0.3333333333333333,0.2222222222222222,0.1111111111111111,0.2222222222222222,0.0
H_0123,human,5.333333333333333,3,16,3.0,0.75,0.0,0,0.0,0,0.0,5.0625,0.15789473684210525,0.25,0.0625,0.125,0.1875,0.125
H_0124,human,7.0,2,14,4.0,0.9285714285714286,0.0,0,0.0,0,0.0,4.0,0.125,0.21428571428571427,0.0,0.21428571428571427,0.0,0.07142857142857142
H_0125,human,6.0,3,18,3.3333333333333335,0.9444444444444444,0.5,1,0.05555555555555555,1,0.05555555555555555,3.7777777777777777,0.14285714285714285,0.05555555555555555,0.2222222222222222,0.1111111111111111,0.2222222222222222,0.16666666666666666
H_0126,human,4.5,2,9,3.0,1.0,0.0,1,0.1111111111111111,0,0.0,6.222222222222222,0.18181818181818182,0.3333333333333333,0.2222222222222222,0.1111111111111111,0.2222222222222222,0.0
H_0127,human,5.333333333333333,3,16,3.0,0.75,0.0,0,0.0,0,0.0,5.0625,0.15789473684210525,0.25,0.0625,0.125,0.1875,0.125
H_0128,human,7.0,2,14,4.0,0.9285714285714286,0.0,0,0.0,0,0.0,4.0,0.125,0.21428571428571427,0.0,0.21428571428571427,0.0,0.07142857142857142
H_0129,human,6.0,3,18,3.3333333333333335,0.9444444444444444,0.5,1,0.05555555555555555,1,0.05555555555555555,3.7777777777777777,0.14285714285714285,0.05555555555555555,0.2222222222222222,0.1111111111111111,0.2222222222222222,0.16666666666666666
H_0130,human,4.5,2,9,3.0,1.0,0.0,1,0.1111111111111111,0,0.0,6.222222222222222,0.18181818181818182,0.3333333333333333,0.2222222222222222,0.1111111111111111,0.2222222222222222,0.0
H_0131,human,5.333333333333333,3,16,3.0,0.75,0.0,0,0.0,0,0.0,5.0625,0.15789473684210525,0.25,0.0625,0.125,0.1875,0.125
H_0132,human,7.0,2,14,4.0,0.9285714285714286,0.0,0,0.0,0,0.0,4.0,0.125,0.21428571428571427,0.0,0.21428571428571427,0.0,0.07142857142857142
H_0133,human,6.0,3,18,3.3333333333333335,0.9444444444444444,0.5,1,0.05555555555555555,1,0.05555555555555555,3.7777777777777777,0.14285714285714285,0.05555555555555555,0.2222222222222222,0.1111111111111111,0.2222222222222222,0.16666666666666666
H_0134,human,4.5,2,9,3.0,1.0,0.0,1,0.1111111111111111,0,0.0,6.222222222222222,0.18181818181818182,0.3333333333333333,0.2222222222222222,0.1111111111111111,0.2222222222222222,0.0
H_0135,human,5.333333333333333,3,16,3.0,0.75,0.0,0,0.0,0,0.0,5.0625,0.15789473684210525,0.25,0.0625,0.125,0.1875,0.125
H_0136,human,7.0,2,14,4.0,0.9285714285714286,0.0,0,0.0,0,0.0,4.0,0.125,0.21428571428571427,0.0,0.21428571428571427,0.0,0.07142857142857142
H_0137,human,6.0,3,18,3.3333333333333335,0.9444444444444444,0.5,1,0.05555555555555555,1,0.05555555555555555,3.7777777777777777,0.14285714285714285,0.05555555555555555,0.2222222222222222,0.1111111111111111,0.2222222222222222,0.16666666666666666
H_0138,human,4.5,2,9,3.0,1.0,0.0,1,0.1111111111111111,0,0.0,6.222222222222222,0.18181818181818182,0.3333333333333333,0.2222222222222222,0.1111111111111111,0.2222222222222222,0.0
H_0139,human,5.333333333333333,3,16,3.0,0.75,0.0,0,0.0,0,0.0,5.0625,0.15789473684210525,0.25,0.0625,0.125,0.1875,0.125
H_0140,human,7.0,2,14,4.0,0.9285714285714286,0.0,0,0.0,0,0.0,4.0,0.125,0.21428571428571427,0.0,0.21428571428571427,0.0,0.07142857142857142
H_0141,human,6.0,3,18,3.3333333333333335,0.9444444444444444,0.5,1,0.05555555555555555,1,0.05555555555555555,3.7777777777777777,0.14285714285714285,0.05555555555555555,0.2222222222222222,0.1111111111111111,0.2222222222222222,0.16666666666666666
H_0142,human,4.5,2,9,3.0,1.0,0.0,1,0.1111111111111111,0,0.0,6.222222222222222,0.18181818181818182,0.3333333333333333,0.2222222222222222,0.1111111111111111,0.2222222222222222,0.0
H_0143,human,5.333333333333333,3,16,3.0,0.75,0.0,0,0.0,0,0.0,5.0625,0.15789473684210525,0.25,0.0625,0.125,0.1875,0.125
H_0144,human,7.0,2,14,4.0,0.9285714285714286,0.0,0,0.0,0,0.0,4.0,0.125,0.21428571428571427,0.0,0.21428571428571427,0.0,0.07142857142857142
H_0145,human,6.0,3,18,3.3333333333333335,0.9444444444444444,0.5,1,0.05555555555555555,1,0.05555555555555555,3.7777777777777777,0.14285714285714285,0.05555555555555555,0.2222222222222222,0.1111111111111111,0.2222222222222222,0.16666666666666666
H_0146,human,4.5,2,9,3.0,1.0,0.0,1,0.1111111111111111,0,0.0,6.222222222222222,0.18181818181818182,0.3333333333333333,0.2222222222222222,0.1111111111111111,0.2222222222222222,0.0
H_0147,human,5.333333333333333,3,16,3.0,0.75,0.0,0,0.0,0,0.0,5.0625,0.15789473684210525,0.25,0.0625,0.125,0.1875,0.125
H_0148,human,7.0,2,14,4.0,0.9285714285714286,0.0,0,0.0,0,0.0,4.0,0.125,0.21428571428571427,0.0,0.21428571428571427,0.0,0.07142857142857142
H_0149,human,6.0,3,18,3.3333333333333335,0.9444444444444444,0.5,1,0.05555555555555555,1,0.05555555555555555,3.7777777777777777,0.14285714285714285,0.05555555555555555,0.2222222222222222,0.1111111111111111,0.2222222222222222,0.16666666666666666
H_0150,human,4.5,2,9,3.0,1.0,0.0,1,0.1111111111111111,0,0.0,6.222222222222222,0.18181818181818182,0.3333333333333333,0.2222222222222222,0.1111111111111111,0.2222222222222222,0.0
H_0151,human,5.333333333333333,3,16,3.0,0.75,0.0,0,0.0,0,0.0,5.0625,0.15789473684210525,0.25,0.0625,0.125,0.1875,0.125
H_0152,human,7.0,2,14,4.0,0.9285714285714286,0.0,0,0.0,0,0.0,4.0,0.125,0.21428571428571427,0.0,0.21428571428571427,0.0,0.07142857142857142
H_0153,human,6.0,3,18,3.3333333333333335,0.9444444444444444,0.5,1,0.05555555555555555,1,0.05555555555555555,3.7777777777777777,0.14285714285714285,0.05555555555555555,0.2222222222222222,0.1111111111111111,0.2222222222222222,0.16666666666666666
H_0154,human,4.5,2,9,3.0,1.0,0.0,1,0.1111111111111111,0,0.0,6.222222222222222,0.18181818181818182,0.3333333333333333,0.2222222222222222,0.1111111111111111,0.2222222222222222,0.0
H_0155,human,5.333333333333333,3,16,3.0,0.75,0.0,0,0.0,0,0.0,5.0625,0.15789473684210525,0.25,0.0625,0.125,0.1875,0.125
H_0156,human,7.0,2,14,4.0,0.9285714285714286,0.0,0,0.0,0,0.0,4.0,0.125,0.21428571428571427,0.0,0.21428571428571427,0.0,0.07142857142857142
H_0157,human,6.0,3,18,3.3333333333333335,0.9444444444444444,0.5,1,0.05555555555555555,1,0.05555555555555555,3.7777777777777777,0.14285714285714285,0.05555555555555555,0.2222222222222222,0.1111111111111111,0.2222222222222222,0.16666666666666666
H_0158,human,4.5,2,9,3.0,1.0,0.0,1,0.1111111111111111,0,0.0,6.222222222222222,0.18181818181818182,0.3333333333333333,0.2222222222222222,0.1111111111111111,0.2222222222222222,0.0
H_0159,human,5.333333333333333,3,16,3.0,0.75,0.0,0,0.0,0,0.0,5.0625,0.15789473684210525,0.25,0.0625,0.125,0.1875,0.125
H_0160,human,7.0,2,14,4.0,0.9285714285714286,0.0,0,0.0,0,0.0,4.0,0.125,0.21428571428571427,0.0,0.21428571428571427,0.0,0.07142857142857142
H_0161,human,6.5,2,13,4.5,0.9230769230769231,0.0,0,0.0,0,0.0,4.3076923076923075,0.13333333333333333,0.15384615384615385,0.15384615384615385,0.15384615384615385,0.23076923076923078,0.15384615384615385
H_0162,human,5.0,3,15,3.0,1.0,0.3333333333333333,0,0.0,1,0.06666666666666667,4.133333333333334,0.16666666666666666,0.13333333333333333,0.26666666666666666,0.06666666666666667,0.13333333333333333,0.06666666666666667
H_0163,human,5.0,3,15,3.3333333333333335,1.0,0.0,0,0.0,0,0.0,5.066666666666666,0.16666666666666666,0.13333333333333333,0.26666666666666666,0.06666666666666667,0.13333333333333333,0.13333333333333333
H_0164,human,6.0,2,12,3.0,1.0,0.0,0,0.0,0,0.0,4.25,0.2,0.16666666666666666,0.16666666666666666,0.16666666666666666,0.0,0.16666666666666666
H_0165,human,7.5,2,15,3.5,0.8666666666666667,0.0,0,0.0,0,0.0,4.4,0.11764705882352941,0.13333333333333333,0.13333333333333333,0.06666666666666667,0.2,0.2
H_0166,human,7.5,2,15,4.0,1.0,0.0,0,0.0,1,0.06666666666666667,5.0,0.11764705882352941,0.2,0.2,0.13333333333333333,0.06666666666666667,0.2
H_0167,human,7.0,2,14,3.0,0.9285714285714286,0.0,0,0.0,0,0.0,4.571428571428571,0.17647058823529413,0.35714285714285715,0.14285714285714285,0.21428571428571427,0.07142857142857142,0.0
H_0168,human,6.0,2,12,4.0,1.0,0.0,1,0.08333333333333333,0,0.0,4.166666666666667,0.2,0.16666666666666666,0.16666666666666666,0.08333333333333333,0.08333333333333333,0.16666666666666666
H_0169,human,7.5,2,15,3.5,1.0,0.0,0,0.0,0,0.0,4.8,0.16666666666666666,0.13333333333333333,0.2,0.06666666666666667,0.2,0.2
H_0170,human,7.0,2,14,3.0,1.0,0.0,0,0.0,0,0.0,4.857142857142857,0.17647058823529413,0.21428571428571427,0.21428571428571427,0.07142857142857142,0.14285714285714285,0.14285714285714285
H_0171,human,7.5,2,15,4.0,1.0,0.0,0,0.0,0,0.0,4.533333333333333,0.16666666666666666,0.26666666666666666,0.13333333333333333,0.2,0.13333333333333333,0.06666666666666667
H_0172,human,8.5,2,17,3.0,0.8823529411764706,0.0,1,0.058823529411764705,0,0.0,4.352941176470588,0.10526315789473684,0.23529411764705882,0.11764705882352941,0.17647058823529413,0.11764705882352941,0.0
H_0173,human,6.0,3,18,3.3333333333333335,0.9444444444444444,0.5,1,0.05555555555555555,1,0.05555555555555555,3.7777777777777777,0.14285714285714285,0.05555555555555555,0.2222222222222222,0.1111111111111111,0.2222222222222222,0.16666666666666666
H_0174,human,4.5,2,9,3.0,1.0,0.0,1,0.1111111111111111,0,0.0,6.222222222222222,0.18181818181818182,0.3333333333333333,0.2222222222222222,0.1111111111111111,0.2222222222222222,0.0
H_0175,human,5.333333333333333,3,16,3.0,0.75,0.0,0,0.0,0,0.0,5.0625,0.15789473684210525,0.25,0.0625,0.125,0.1875,0.125
H_0176,human,7.0,2,14,4.0,0.9285714285714286,0.0,0,0.0,0,0.0,4.0,0.125,0.21428571428571427,0.0,0.21428571428571427,0.0,0.07142857142857142
H_0177,human,6.5,2,13,4.5,0.9230769230769231,0.0,0,0.0,0,0.0,4.3076923076923075,0.13333333333333333,0.15384615384615385,0.15384615384615385,0.15384615384615385,0.23076923076923078,0.15384615384615385
H_0178,human,5.0,3,15,3.0,1.0,0.3333333333333333,0,0.0,1,0.06666666666666667,4.133333333333334,0.16666666666666666,0.13333333333333333,0.26666666666666666,0.06666666666666667,0.13333333333333333,0.06666666666666667
H_0179,human,5.0,3,15,3.3333333333333335,1.0,0.0,0,0.0,0,0.0,5.066666666666666,0.16666666666666666,0.13333333333333333,0.26666666666666666,0.06666666666666667,0.13333333333333333,0.13333333333333333
H_0180,human,6.0,2,12,3.0,1.0,0.0,0,0.0,0,0.0,4.25,0.2,0.16666666666666666,0.16666666666666666,0.16666666666666666,0.0,0.16666666666666666
AI_0001,AI,10.666666666666666,3,32,4.666666666666667,0.9375,0.0,0,0.0,0,0.0,5.53125,0.13513513513513514,0.28125,0.15625,0.21875,0.0625,0.03125
AI_0002,AI,10.333333333333334,3,31,4.333333333333333,0.967741935483871,0.5,0,0.0,1,0.03225806451612903,5.645161290322581,0.1388888888888889,0.3870967741935484,0.1935483870967742,0.16129032258064516,0.03225806451612903,0.06451612903225806
AI_0003,AI,8.25,4,33,4.5,0.9696969696969697,0.0,0,0.0,0,0.0,5.0,0.175,0.3333333333333333,0.18181818181818182,0.06060606060606061,0.06060606060606061,0.06060606060606061
AI_0004,AI,9.666666666666666,3,29,4.0,0.9655172413793104,0.0,0,0.0,0,0.0,6.551724137931035,0.12121212121212122,0.3793103448275862,0.13793103448275862,0.2413793103448276,0.034482758620689655,0.0
AI_0005,AI,10.666666666666666,3,32,4.666666666666667,0.9375,0.0,0,0.0,0,0.0,5.53125,0.13513513513513514,0.28125,0.15625,0.21875,0.0625,0.03125
AI_0006,AI,10.333333333333334,3,31,4.333333333333333,0.967741935483871,0.5,0,0.0,1,0.03225806451612903,5.645161290322581,0.1388888888888889,0.3870967741935484,0.1935483870967742,0.16129032258064516,0.03225806451612903,0.06451612903225806
AI_0007,AI,8.25,4,33,4.5,0.9696969696969697,0.0,0,0.0,0,0.0,5.0,0.175,0.3333333333333333,0.18181818181818182,0.06060606060606061,0.06060606060606061,0.06060606060606061
AI_0008,AI,9.666666666666666,3,29,4.0,0.9655172413793104,0.0,0,0.0,0,0.0,6.551724137931035,0.12121212121212122,0.3793103448275862,0.13793103448275862,0.2413793103448276,0.034482758620689655,0.0
AI_0009,AI,10.666666666666666,3,32,4.666666666666667,0.9375,0.0,0,0.0,0,0.0,5.53125,0.13513513513513514,0.28125,0.15625,0.21875,0.0625,0.03125
AI_0010,AI,10.333333333333334,3,31,4.333333333333333,0.967741935483871,0.5,0,0.0,1,0.03225806451612903,5.645161290322581,0.1388888888888889,0.3870967741935484,0.1935483870967742,0.16129032258064516,0.03225806451612903,0.06451612903225806
AI_0011,AI,8.25,4,33,4.5,0.9696969696969697,0.0,0,0.0,0,0.0,5.0,0.175,0.3333333333333333,0.18181818181818182,0.06060606060606061,0.06060606060606061,0.06060606060606061
AI_0012,AI,9.666666666666666,3,29,4.0,0.9655172413793104,0.0,0,0.0,0,0.0,6.551724137931035,0.12121212121212122,0.3793103448275862,0.13793103448275862,0.2413793103448276,0.034482758620689655,0.0
AI_0013,AI,10.666666666666666,3,32,4.666666666666667,0.9375,0.0,0,0.0,0,0.0,5.53125,0.13513513513513514,0.28125,0.15625,0.21875,0.0625,0.03125
AI_0014,AI,10.333333333333334,3,31,4.333333333333333,0.967741935483871,0.5,0,0.0,1,0.03225806451612903,5.645161290322581,0.1388888888888889,0.3870967741935484,0.1935483870967742,0.16129032258064516,0.03225806451612903,0.06451612903225806
AI_0015,AI,8.25,4,33,4.5,0.9696969696969697,0.0,0,0.0,0,0.0,5.0,0.175,0.3333333333333333,0.18181818181818182,0.06060606060606061,0.06060606060606061,0.06060606060606061
AI_0016,AI,9.666666666666666,3,29,4.0,0.9655172413793104,0.0,0,0.0,0,0.0,6.551724137931035,0.12121212121212122,0.3793103448275862,0.13793103448275862,0.2413793103448276,0.034482758620689655,0.0
AI_0017,AI,10.666666666666666,3,32,4.666666666666667,0.9375,0.0,0,0.0,0,0.0,5.53125,0.13513513513513514,0.28125,0.15625,0.21875,0.0625,0.03125
AI_0018,AI,10.333333333333334,3,31,4.333333333333333,0.967741935483871,0.5,0,0.0,1,0.03225806451612903,5.645161290322581,0.1388888888888889,0.3870967741935484,0.1935483870967742,0.16129032258064516,0.03225806451612903,0.06451612903225806
AI_0019,AI,8.25,4,33,4.5,0.9696969696969697,0.0,0,0.0,0,0.0,5.0,0.175,0.3333333333333333,0.18181818181818182,0.06060606060606061,0.06060606060606061,0.06060606060606061
AI_0020,AI,9.666666666666666,3,29,4.0,0.9655172413793104,0.0,0,0.0,0,0.0,6.551724137931035,0.12121212121212122,0.3793103448275862,0.13793103448275862,0.2413793103448276,0.034482758620689655,0.0
AI_0021,AI,10.666666666666666,3,32,4.666666666666667,0.9375,0.0,0,0.0,0,0.0,5.53125,0.13513513513513514,0.28125,0.15625,0.21875,0.0625,0.03125
AI_0022,AI,10.333333333333334,3,31,4.333333333333333,0.967741935483871,0.5,0,0.0,1,0.03225806451612903,5.645161290322581,0.1388888888888889,0.3870967741935484,0.1935483870967742,0.16129032258064516,0.03225806451612903,0.06451612903225806
AI_0023,AI,8.25,4,33,4.5,0.9696969696969697,0.0,0,0.0,0,0.0,5.0,0.175,0.3333333333333333,0.18181818181818182,0.06060606060606061,0.06060606060606061,0.06060606060606061
AI_0024,AI,9.666666666666666,3,29,4.0,0.9655172413793104,0.0,0,0.0,0,0.0,6.551724137931035,0.12121212121212122,0.3793103448275862,0.13793103448275862,0.2413793103448276,0.034482758620689655,0.0
AI_0025,AI,10.666666666666666,3,32,4.666666666666667,0.9375,0.0,0,0.0,0,0.0,5.53125,0.13513513513513514,0.28125,0.15625,0.21875,0.0625,0.03125
AI_0026,AI,10.333333333333334,3,31,4.333333333333333,0.967741935483871,0.5,0,0.0,1,0.03225806451612903,5.645161290322581,0.1388888888888889,0.3870967741935484,0.1935483870967742,0.16129032258064516,0.03225806451612903,0.06451612903225806
AI_0027,AI,8.25,4,33,4.5,0.9696969696969697,0.0,0,0.0,0,0.0,5.0,0.175,0.3333333333333333,0.18181818181818182,0.06060606060606061,0.06060606060606061,0.06060606060606061
AI_0028,AI,9.666666666666666,3,29,4.0,0.9655172413793104,0.0,0,0.0,0,0.0,6.551724137931035,0.12121212121212122,0.3793103448275862,0.13793103448275862,0.2413793103448276,0.034482758620689655,0.0
AI_0029,AI,10.666666666666666,3,32,4.666666666666667,0.9375,0.0,0,0.0,0,0.0,5.53125,0.13513513513513514,0.28125,0.15625,0.21875,0.0625,0.03125
AI_0030,AI,10.333333333333334,3,31,4.333333333333333,0.967741935483871,0.5,0,0.0,1,0.03225806451612903,5.645161290322581,0.1388888888888889,0.3870967741935484,0.1935483870967742,0.16129032258064516,0.03225806451612903,0.06451612903225806
AI_0031,AI,8.25,4,33,4.5,0.9696969696969697,0.0,0,0.0,0,0.0,5.0,0.175,0.3333333333333333,0.18181818181818182,0.06060606060606061,0.06060606060606061,0.06060606060606061
AI_0032,AI,9.666666666666666,3,29,4.0,0.9655172413793104,0.0,0,0.0,0,0.0,6.551724137931035,0.12121212121212122,0.3793103448275862,0.13793103448275862,0.2413793103448276,0.034482758620689655,0.0
AI_0033,AI,10.666666666666666,3,32,4.666666666666667,0.9375,0.0,0,0.0,0,0.0,5.53125,0.13513513513513514,0.28125,0.15625,0.21875,0.0625,0.03125
AI_0034,AI,10.333333333333334,3,31,4.333333333333333,0.967741935483871,0.5,0,0.0,1,0.03225806451612903,5.645161290322581,0.1388888888888889,0.3870967741935484,0.1935483870967742,0.16129032258064516,0.03225806451612903,0.06451612903225806
AI_0035,AI,8.25,4,33,4.5,0.9696969696969697,0.0,0,0.0,0,0.0,5.0,0.175,0.3333333333333333,0.18181818181818182,0.06060606060606061,0.06060606060606061,0.06060606060606061
AI_0036,AI,9.666666666666666,3,29,4.0,0.9655172413793104,0.0,0,0.0,0,0.0,6.551724137931035,0.12121212121212122,0.3793103448275862,0.13793103448275862,0.2413793103448276,0.034482758620689655,0.0
AI_0037,AI,10.666666666666666,3,32,4.666666666666667,0.9375,0.0,0,0.0,0,0.0,5.53125,0.13513513513513514,0.28125,0.15625,0.21875,0.0625,0.03125
AI_0038,AI,10.333333333333334,3,31,4.333333333333333,0.967741935483871,0.5,0,0.0,1,0.03225806451612903,5.645161290322581,0.1388888888888889,0.3870967741935484,0.1935483870967742,0.16129032258064516,0.03225806451612903,0.06451612903225806
AI_0039,AI,8.25,4,33,4.5,0.9696969696969697,0.0,0,0.0,0,0.0,5.0,0.175,0.3333333333333333,0.18181818181818182,0.06060606060606061,0.06060606060606061,0.06060606060606061
AI_0040,AI,9.666666666666666,3,29,4.0,0.9655172413793104,0.0,0,0.0,0,0.0,6.551724137931035,0.12121212121212122,0.3793103448275862,0.13793103448275862,0.2413793103448276,0.034482758620689655,0.0
AI_0041,AI,10.0,3,30,4.333333333333333,0.9333333333333333,0.0,0,0.0,0,0.0,6.166666666666667,0.14285714285714285,0.3333333333333333,0.16666666666666666,0.16666666666666666,0.03333333333333333,0.03333333333333333
AI_0042,AI,10.333333333333334,3,31,4.333333333333333,0.967741935483871,0.3333333333333333,0,0.0,0,0.0,5.870967741935484,0.16216216216216217,0.3225806451612903,0.1935483870967742,0.12903225806451613,0.03225806451612903,0.0
AI_0043,AI,8.333333333333334,3,25,4.0,1.0,0.0,0,0.0,0,0.0,6.0,0.16666666666666666,0.36,0.08,0.16,0.08,0.0
AI_0044,AI,9.666666666666666,3,29,5.0,0.896551724137931,0.3333333333333333,0,0.0,0,0.0,6.103448275862069,0.14705882352941177,0.3103448275862069,0.1724137931034483,0.06896551724137931,0.10344827586206896,0.0
AI_0045,AI,10.0,3,30,4.333333333333333,0.9333333333333333,0.0,0,0.0,0,0.0,6.166666666666667,0.14285714285714285,0.3333333333333333,0.16666666666666666,0.16666666666666666,0.03333333333333333,0.03333333333333333
AI_0046,AI,10.333333333333334,3,31,4.333333333333333,0.967741935483871,0.3333333333333333,0,0.0,0,0.0,5.870967741935484,0.16216216216216217,0.3225806451612903,0.1935483870967742,0.12903225806451613,0.03225806451612903,0.0
AI_0047,AI,8.333333333333334,3,25,4.0,1.0,0.0,0,0.0,0,0.0,6.0,0.16666666666666666,0.36,0.08,0.16,0.08,0.0
AI_0048,AI,9.666666666666666,3,29,5.0,0.896551724137931,0.3333333333333333,0,0.0,0,0.0,6.103448275862069,0.14705882352941177,0.3103448275862069,0.1724137931034483,0.06896551724137931,0.10344827586206896,0.0
AI_0049,AI,10.0,3,30,4.333333333333333,0.9333333333333333,0.0,0,0.0,0,0.0,6.166666666666667,0.14285714285714285,0.3333333333333333,0.16666666666666666,0.16666666666666666,0.03333333333333333,0.03333333333333333
AI_0050,AI,10.333333333333334,3,31,4.333333333333333,0.967741935483871,0.3333333333333333,0,0.0,0,0.0,5.870967741935484,0.16216216216216217,0.3225806451612903,0.1935483870967742,0.12903225806451613,0.03225806451612903,0.0
AI_0051,AI,8.333333333333334,3,25,4.0,1.0,0.0,0,0.0,0,0.0,6.0,0.16666666666666666,0.36,0.08,0.16,0.08,0.0
AI_0052,AI,9.666666666666666,3,29,5.0,0.896551724137931,0.3333333333333333,0,0.0,0,0.0,6.103448275862069,0.14705882352941177,0.3103448275862069,0.1724137931034483,0.06896551724137931,0.10344827586206896,0.0
AI_0053,AI,10.0,3,30,4.333333333333333,0.9333333333333333,0.0,0,0.0,0,0.0,6.166666666666667,0.14285714285714285,0.3333333333333333,0.16666666666666666,0.16666666666666666,0.03333333333333333,0.03333333333333333
AI_0054,AI,10.333333333333334,3,31,4.333333333333333,0.967741935483871,0.3333333333333333,0,0.0,0,0.0,5.870967741935484,0.16216216216216217,0.3225806451612903,0.1935483870967742,0.12903225806451613,0.03225806451612903,0.0
AI_0055,AI,8.333333333333334,3,25,4.0,1.0,0.0,0,0.0,0,0.0,6.0,0.16666666666666666,0.36,0.08,0.16,0.08,0.0
AI_0056,AI,9.666666666666666,3,29,5.0,0.896551724137931,0.3333333333333333,0,0.0,0,0.0,6.103448275862069,0.14705882352941177,0.3103448275862069,0.1724137931034483,0.06896551724137931,0.10344827586206896,0.0
AI_0057,AI,10.0,3,30,4.333333333333333,0.9333333333333333,0.0,0,0.0,0,0.0,6.166666666666667,0.14285714285714285,0.3333333333333333,0.16666666666666666,0.16666666666666666,0.03333333333333333,0.03333333333333333
AI_0058,AI,10.333333333333334,3,31,4.333333333333333,0.967741935483871,0.3333333333333333,0,0.0,0,0.0,5.870967741935484,0.16216216216216217,0.3225806451612903,0.1935483870967742,0.12903225806451613,0.03225806451612903,0.0
AI_0059,AI,8.333333333333334,3,25,4.0,1.0,0.0,0,0.0,0,0.0,6.0,0.16666666666666666,0.36,0.08,0.16,0.08,0.0
AI_0060,AI,9.666666666666666,3,29,5.0,0.896551724137931,0.3333333333333333,0,0.0,0,0.0,6.103448275862069,0.14705882352941177,0.3103448275862069,0.1724137931034483,0.06896551724137931,0.10344827586206896,0.0
AI_0061,AI,10.0,3,30,4.333333333333333,0.9333333333333333,0.0,0,0.0,0,0.0,6.166666666666667,0.14285714285714285,0.3333333333333333,0.16666666666666666,0.16666666666666666,0.03333333333333333,0.03333333333333333
AI_0062,AI,10.333333333333334,3,31,4.333333333333333,0.967741935483871,0.3333333333333333,0,0.0,0,0.0,5.870967741935484,0.16216216216216217,0.3225806451612903,0.1935483870967742,0.12903225806451613,0.03225806451612903,0.0
AI_0063,AI,8.333333333333334,3,25,4.0,1.0,0.0,0,0.0,0,0.0,6.0,0.16666666666666666,0.36,0.08,0.16,0.08,0.0
AI_0064,AI,9.666666666666666,3,29,5.0,0.896551724137931,0.3333333333333333,0,0.0,0,0.0,6.103448275862069,0.14705882352941177,0.3103448275862069,0.1724137931034483,0.06896551724137931,0.10344827586206896,0.0
AI_0065,AI,10.0,3,30,4.333333333333333,0.9333333333333333,0.0,0,0.0,0,0.0,6.166666666666667,0.14285714285714285,0.3333333333333333,0.16666666666666666,0.16666666666666666,0.03333333333333333,0.03333333333333333
AI_0066,AI,10.333333333333334,3,31,4.333333333333333,0.967741935483871,0.3333333333333333,0,0.0,0,0.0,5.870967741935484,0.16216216216216217,0.3225806451612903,0.1935483870967742,0.12903225806451613,0.03225806451612903,0.0
AI_0067,AI,8.333333333333334,3,25,4.0,1.0,0.0,0,0.0,0,0.0,6.0,0.16666666666666666,0.36,0.08,0.16,0.08,0.0
AI_0068,AI,9.666666666666666,3,29,5.0,0.896551724137931,0.3333333333333333,0,0.0,0,0.0,6.103448275862069,0.14705882352941177,0.3103448275862069,0.1724137931034483,0.06896551724137931,0.10344827586206896,0.0
AI_0069,AI,10.0,3,30,4.333333333333333,0.9333333333333333,0.0,0,0.0,0,0.0,6.166666666666667,0.14285714285714285,0.3333333333333333,0.16666666666666666,0.16666666666666666,0.03333333333333333,0.03333333333333333
AI_0070,AI,10.333333333333334,3,31,4.333333333333333,0.967741935483871,0.3333333333333333,0,0.0,0,0.0,5.870967741935484,0.16216216216216217,0.3225806451612903,0.1935483870967742,0.12903225806451613,0.03225806451612903,0.0
AI_0071,AI,8.333333333333334,3,25,4.0,1.0,0.0,0,0.0,0,0.0,6.0,0.16666666666666666,0.36,0.08,0.16,0.08,0.0
AI_0072,AI,9.666666666666666,3,29,5.0,0.896551724137931,0.3333333333333333,0,0.0,0,0.0,6.103448275862069,0.14705882352941177,0.3103448275862069,0.1724137931034483,0.06896551724137931,0.10344827586206896,0.0
AI_0073,AI,10.0,3,30,4.333333333333333,0.9333333333333333,0.0,0,0.0,0,0.0,6.166666666666667,0.14285714285714285,0.3333333333333333,0.16666666666666666,0.16666666666666666,0.03333333333333333,0.03333333333333333
AI_0074,AI,10.333333333333334,3,31,4.333333333333333,0.967741935483871,0.3333333333333333,0,0.0,0,0.0,5.870967741935484,0.16216216216216217,0.3225806451612903,0.1935483870967742,0.12903225806451613,0.03225806451612903,0.0
AI_0075,AI,8.333333333333334,3,25,4.0,1.0,0.0,0,0.0,0,0.0,6.0,0.16666666666666666,0.36,0.08,0.16,0.08,0.0
AI_0076,AI,9.666666666666666,3,29,5.0,0.896551724137931,0.3333333333333333,0,0.0,0,0.0,6.103448275862069,0.14705882352941177,0.3103448275862069,0.1724137931034483,0.06896551724137931,0.10344827586206896,0.0
AI_0077,AI,10.0,3,30,4.333333333333333,0.9333333333333333,0.0,0,0.0,0,0.0,6.166666666666667,0.14285714285714285,0.3333333333333333,0.16666666666666666,0.16666666666666666,0.03333333333333333,0.03333333333333333
AI_0078,AI,10.333333333333334,3,31,4.333333333333333,0.967741935483871,0.3333333333333333,0,0.0,0,0.0,5.870967741935484,0.16216216216216217,0.3225806451612903,0.1935483870967742,0.12903225806451613,0.03225806451612903,0.0
AI_0079,AI,8.333333333333334,3,25,4.0,1.0,0.0,0,0.0,0,0.0,6.0,0.16666666666666666,0.36,0.08,0.16,0.08,0.0
AI_0080,AI,9.666666666666666,3,29,5.0,0.896551724137931,0.3333333333333333,0,0.0,0,0.0,6.103448275862069,0.14705882352941177,0.3103448275862069,0.1724137931034483,0.06896551724137931,0.10344827586206896,0.0
AI_0081,AI,10.0,3,30,4.333333333333333,0.9,0.0,0,0.0,0,0.0,4.966666666666667,0.14285714285714285,0.36666666666666664,0.1,0.16666666666666666,0.03333333333333333,0.03333333333333333
AI_0082,AI,9.666666666666666,3,29,4.666666666666667,0.9310344827586207,0.0,0,0.0,0,0.0,5.448275862068965,0.14705882352941177,0.3103448275862069,0.20689655172413793,0.1724137931034483,0.0,0.0
AI_0083,AI,9.666666666666666,3,29,4.333333333333333,0.9310344827586207,0.0,0,0.0,0,0.0,5.482758620689655,0.12121212121212122,0.3103448275862069,0.13793103448275862,0.1724137931034483,0.06896551724137931,0.0
AI_0084,AI,8.666666666666666,3,26,3.6666666666666665,1.0,0.0,0,0.0,0,0.0,5.884615384615385,0.1875,0.23076923076923078,0.23076923076923078,0.11538461538461539,0.23076923076923078,0.07692307692307693
AI_0085,AI,10.0,3,30,4.333333333333333,0.9,0.0,0,0.0,0,0.0,4.966666666666667,0.14285714285714285,0.36666666666666664,0.1,0.16666666666666666,0.03333333333333333,0.03333333333333333
AI_0086,AI,9.666666666666666,3,29,4.666666666666667,0.9310344827586207,0.0,0,0.0,0,0.0,5.448275862068965,0.14705882352941177,0.3103448275862069,0.20689655172413793,0.1724137931034483,0.0,0.0
AI_0087,AI,9.666666666666666,3,29,4.333333333333333,0.9310344827586207,0.0,0,0.0,0,0.0,5.482758620689655,0.12121212121212122,0.3103448275862069,0.13793103448275862,0.1724137931034483,0.06896551724137931,0.0
AI_0088,AI,8.666666666666666,3,26,3.6666666666666665,1.0,0.0,0,0.0,0,0.0,5.884615384615385,0.1875,0.23076923076923078,0.23076923076923078,0.11538461538461539,0.23076923076923078,0.07692307692307693
AI_0089,AI,10.0,3,30,4.333333333333333,0.9,0.0,0,0.0,0,0.0,4.966666666666667,0.14285714285714285,0.36666666666666664,0.1,0.16666666666666666,0.03333333333333333,0.03333333333333333
AI_0090,AI,9.666666666666666,3,29,4.666666666666667,0.9310344827586207,0.0,0,0.0,0,0.0,5.448275862068965,0.14705882352941177,0.3103448275862069,0.20689655172413793,0.1724137931034483,0.0,0.0
AI_0091,AI,9.666666666666666,3,29,4.333333333333333,0.9310344827586207,0.0,0,0.0,0,0.0,5.482758620689655,0.12121212121212122,0.3103448275862069,0.13793103448275862,0.1724137931034483,0.06896551724137931,0.0
AI_0092,AI,8.666666666666666,3,26,3.6666666666666665,1.0,0.0,0,0.0,0,0.0,5.884615384615385,0.1875,0.23076923076923078,0.23076923076923078,0.11538461538461539,0.23076923076923078,0.07692307692307693
AI_0093,AI,10.0,3,30,4.333333333333333,0.9,0.0,0,0.0,0,0.0,4.966666666666667,0.14285714285714285,0.36666666666666664,0.1,0.16666666666666666,0.03333333333333333,0.03333333333333333
AI_0094,AI,9.666666666666666,3,29,4.666666666666667,0.9310344827586207,0.0,0,0.0,0,0.0,5.448275862068965,0.14705882352941177,0.3103448275862069,0.20689655172413793,0.1724137931034483,0.0,0.0
AI_0095,AI,9.666666666666666,3,29,4.333333333333333,0.9310344827586207,0.0,0,0.0,0,0.0,5.482758620689655,0.12121212121212122,0.3103448275862069,0.13793103448275862,0.1724137931034483,0.06896551724137931,0.0
AI_0096,AI,8.666666666666666,3,26,3.6666666666666665,1.0,0.0,0,0.0,0,0.0,5.884615384615385,0.1875,0.23076923076923078,0.23076923076923078,0.11538461538461539,0.23076923076923078,0.07692307692307693
AI_0097,AI,10.0,3,30,4.333333333333333,0.9,0.0,0,0.0,0,0.0,4.966666666666667,0.14285714285714285,0.36666666666666664,0.1,0.16666666666666666,0.03333333333333333,0.03333333333333333
AI_0098,AI,9.666666666666666,3,29,4.666666666666667,0.9310344827586207,0.0,0,0.0,0,0.0,5.448275862068965,0.14705882352941177,0.3103448275862069,0.20689655172413793,0.1724137931034483,0.0,0.0
AI_0099,AI,9.666666666666666,3,29,4.333333333333333,0.9310344827586207,0.0,0,0.0,0,0.0,5.482758620689655,0.12121212121212122,0.3103448275862069,0.13793103448275862,0.1724137931034483,0.06896551724137931,0.0
AI_0100,AI,8.666666666666666,3,26,3.6666666666666665,1.0,0.0,0,0.0,0,0.0,5.884615384615385,0.1875,0.23076923076923078,0.23076923076923078,0.11538461538461539,0.23076923076923078,0.07692307692307693
AI_0101,AI,10.0,3,30,4.333333333333333,0.9,0.0,0,0.0,0,0.0,4.966666666666667,0.14285714285714285,0.36666666666666664,0.1,0.16666666666666666,0.03333333333333333,0.03333333333333333
AI_0102,AI,9.666666666666666,3,29,4.666666666666667,0.9310344827586207,0.0,0,0.0,0,0.0,5.448275862068965,0.14705882352941177,0.3103448275862069,0.20689655172413793,0.1724137931034483,0.0,0.0
AI_0103,AI,9.666666666666666,3,29,4.333333333333333,0.9310344827586207,0.0,0,0.0,0,0.0,5.482758620689655,0.12121212121212122,0.3103448275862069,0.13793103448275862,0.1724137931034483,0.06896551724137931,0.0
AI_0104,AI,8.666666666666666,3,26,3.6666666666666665,1.0,0.0,0,0.0,0,0.0,5.884615384615385,0.1875,0.23076923076923078,0.23076923076923078,0.11538461538461539,0.23076923076923078,0.07692307692307693
AI_0105,AI,10.0,3,30,4.333333333333333,0.9,0.0,0,0.0,0,0.0,4.966666666666667,0.14285714285714285,0.36666666666666664,0.1,0.16666666666666666,0.03333333333333333,0.03333333333333333
AI_0106,AI,9.666666666666666,3,29,4.666666666666667,0.9310344827586207,0.0,0,0.0,0,0.0,5.448275862068965,0.14705882352941177,0.3103448275862069,0.20689655172413793,0.1724137931034483,0.0,0.0
AI_0107,AI,9.666666666666666,3,29,4.333333333333333,0.9310344827586207,0.0,0,0.0,0,0.0,5.482758620689655,0.12121212121212122,0.3103448275862069,0.13793103448275862,0.1724137931034483,0.06896551724137931,0.0
AI_0108,AI,8.666666666666666,3,26,3.6666666666666665,1.0,0.0,0,0.0,0,0.0,5.884615384615385,0.1875,0.23076923076923078,0.23076923076923078,0.11538461538461539,0.23076923076923078,0.07692307692307693
AI_0109,AI,10.0,3,30,4.333333333333333,0.9,0.0,0,0.0,0,0.0,4.966666666666667,0.14285714285714285,0.36666666666666664,0.1,0.16666666666666666,0.03333333333333333,0.03333333333333333
AI_0110,AI,9.666666666666666,3,29,4.666666666666667,0.9310344827586207,0.0,0,0.0,0,0.0,5.448275862068965,0.14705882352941177,0.3103448275862069,0.20689655172413793,0.1724137931034483,0.0,0.0
AI_0111,AI,9.666666666666666,3,29,4.333333333333333,0.9310344827586207,0.0,0,0.0,0,0.0,5.482758620689655,0.12121212121212122,0.3103448275862069,0.13793103448275862,0.1724137931034483,0.06896551724137931,0.0
AI_0112,AI,8.666666666666666,3,26,3.6666666666666665,1.0,0.0,0,0.0,0,0.0,5.884615384615385,0.1875,0.23076923076923078,0.23076923076923078,0.11538461538461539,0.23076923076923078,0.07692307692307693
AI_0113,AI,10.0,3,30,4.333333333333333,0.9,0.0,0,0.0,0,0.0,4.966666666666667,0.14285714285714285,0.36666666666666664,0.1,0.16666666666666666,0.03333333333333333,0.03333333333333333
AI_0114,AI,9.666666666666666,3,29,4.666666666666667,0.9310344827586207,0.0,0,0.0,0,0.0,5.448275862068965,0.14705882352941177,0.3103448275862069,0.20689655172413793,0.1724137931034483,0.0,0.0
AI_0115,AI,9.666666666666666,3,29,4.333333333333333,0.9310344827586207,0.0,0,0.0,0,0.0,5.482758620689655,0.12121212121212122,0.3103448275862069,0.13793103448275862,0.1724137931034483,0.06896551724137931,0.0
AI_0116,AI,8.666666666666666,3,26,3.6666666666666665,1.0,0.0,0,0.0,0,0.0,5.884615384615385,0.1875,0.23076923076923078,0.23076923076923078,0.11538461538461539,0.23076923076923078,0.07692307692307693
AI_0117,AI,10.0,3,30,4.333333333333333,0.9,0.0,0,0.0,0,0.0,4.966666666666667,0.14285714285714285,0.36666666666666664,0.1,0.16666666666666666,0.03333333333333333,0.03333333333333333
AI_0118,AI,9.666666666666666,3,29,4.666666666666667,0.9310344827586207,0.0,0,0.0,0,0.0,5.448275862068965,0.14705882352941177,0.3103448275862069,0.20689655172413793,0.1724137931034483,0.0,0.0
AI_0119,AI,9.666666666666666,3,29,4.333333333333333,0.9310344827586207,0.0,0,0.0,0,0.0,5.482758620689655,0.12121212121212122,0.3103448275862069,0.13793103448275862,0.1724137931034483,0.06896551724137931,0.0
AI_0120,AI,8.666666666666666,3,26,3.6666666666666665,1.0,0.0,0,0.0,0,0.0,5.884615384615385,0.1875,0.23076923076923078,0.23076923076923078,0.11538461538461539,0.23076923076923078,0.07692307692307693
AI_0121,AI,10.0,3,30,4.666666666666667,0.9333333333333333,0.0,0,0.0,0,0.0,5.6,0.16666666666666666,0.3333333333333333,0.1,0.23333333333333334,0.03333333333333333,0.0
AI_0122,AI,10.666666666666666,3,32,4.666666666666667,0.9375,0.0,0,0.0,1,0.03125,5.9375,0.13513513513513514,0.28125,0.09375,0.21875,0.09375,0.03125
AI_0123,AI,7.666666666666667,3,23,4.0,0.9130434782608695,0.0,0,0.0,0,0.0,6.695652173913044,0.20689655172413793,0.34782608695652173,0.08695652173913043,0.21739130434782608,0.17391304347826086,0.0
AI_0124,AI,8.333333333333334,3,25,4.0,0.96,0.3333333333333333,0,0.0,0,0.0,6.76,0.1935483870967742,0.36,0.2,0.08,0.08,0.0
AI_0125,AI,10.0,3,30,4.666666666666667,0.9333333333333333,0.0,0,0.0,0,0.0,5.6,0.16666666666666666,0.3333333333333333,0.1,0.23333333333333334,0.03333333333333333,0.0
AI_0126,AI,10.666666666666666,3,32,4.666666666666667,0.9375,0.0,0,0.0,1,0.03125,5.9375,0.13513513513513514,0.28125,0.09375,0.21875,0.09375,0.03125
AI_0127,AI,7.666666666666667,3,23,4.0,0.9130434782608695,0.0,0,0.0,0,0.0,6.695652173913044,0.20689655172413793,0.34782608695652173,0.08695652173913043,0.21739130434782608,0.17391304347826086,0.0
AI_0128,AI,8.333333333333334,3,25,4.0,0.96,0.3333333333333333,0,0.0,0,0.0,6.76,0.1935483870967742,0.36,0.2,0.08,0.08,0.0
AI_0129,AI,10.0,3,30,4.666666666666667,0.9333333333333333,0.0,0,0.0,0,0.0,5.6,0.16666666666666666,0.3333333333333333,0.1,0.23333333333333334,0.03333333333333333,0.0
AI_0130,AI,10.666666666666666,3,32,4.666666666666667,0.9375,0.0,0,0.0,1,0.03125,5.9375,0.13513513513513514,0.28125,0.09375,0.21875,0.09375,0.03125
AI_0131,AI,7.666666666666667,3,23,4.0,0.9130434782608695,0.0,0,0.0,0,0.0,6.695652173913044,0.20689655172413793,0.34782608695652173,0.08695652173913043,0.21739130434782608,0.17391304347826086,0.0
AI_0132,AI,8.333333333333334,3,25,4.0,0.96,0.3333333333333333,0,0.0,0,0.0,6.76,0.1935483870967742,0.36,0.2,0.08,0.08,0.0
AI_0133,AI,10.0,3,30,4.666666666666667,0.9333333333333333,0.0,0,0.0,0,0.0,5.6,0.16666666666666666,0.3333333333333333,0.1,0.23333333333333334,0.03333333333333333,0.0
AI_0134,AI,10.666666666666666,3,32,4.666666666666667,0.9375,0.0,0,0.0,1,0.03125,5.9375,0.13513513513513514,0.28125,0.09375,0.21875,0.09375,0.03125
AI_0135,AI,7.666666666666667,3,23,4.0,0.9130434782608695,0.0,0,0.0,0,0.0,6.695652173913044,0.20689655172413793,0.34782608695652173,0.08695652173913043,0.21739130434782608,0.17391304347826086,0.0
AI_0136,AI,8.333333333333334,3,25,4.0,0.96,0.3333333333333333,0,0.0,0,0.0,6.76,0.1935483870967742,0.36,0.2,0.08,0.08,0.0
AI_0137,AI,10.0,3,30,4.666666666666667,0.9333333333333333,0.0,0,0.0,0,0.0,5.6,0.16666666666666666,0.3333333333333333,0.1,0.23333333333333334,0.03333333333333333,0.0
AI_0138,AI,10.666666666666666,3,32,4.666666666666667,0.9375,0.0,0,0.0,1,0.03125,5.9375,0.13513513513513514,0.28125,0.09375,0.21875,0.09375,0.03125
AI_0139,AI,7.666666666666667,3,23,4.0,0.9130434782608695,0.0,0,0.0,0,0.0,6.695652173913044,0.20689655172413793,0.34782608695652173,0.08695652173913043,0.21739130434782608,0.17391304347826086,0.0
AI_0140,AI,8.333333333333334,3,25,4.0,0.96,0.3333333333333333,0,0.0,0,0.0,6.76,0.1935483870967742,0.36,0.2,0.08,0.08,0.0
AI_0141,AI,10.0,3,30,4.666666666666667,0.9333333333333333,0.0,0,0.0,0,0.0,5.6,0.16666666666666666,0.3333333333333333,0.1,0.23333333333333334,0.03333333333333333,0.0
AI_0142,AI,10.666666666666666,3,32,4.666666666666667,0.9375,0.0,0,0.0,1,0.03125,5.9375,0.13513513513513514,0.28125,0.09375,0.21875,0.09375,0.03125
AI_0143,AI,7.666666666666667,3,23,4.0,0.9130434782608695,0.0,0,0.0,0,0.0,6.695652173913044,0.20689655172413793,0.34782608695652173,0.08695652173913043,0.21739130434782608,0.17391304347826086,0.0
AI_0144,AI,8.333333333333334,3,25,4.0,0.96,0.3333333333333333,0,0.0,0,0.0,6.76,0.1935483870967742,0.36,0.2,0.08,0.08,0.0
AI_0145,AI,10.0,3,30,4.666666666666667,0.9333333333333333,0.0,0,0.0,0,0.0,5.6,0.16666666666666666,0.3333333333333333,0.1,0.23333333333333334,0.03333333333333333,0.0
AI_0146,AI,10.666666666666666,3,32,4.666666666666667,0.9375,0.0,0,0.0,1,0.03125,5.9375,0.13513513513513514,0.28125,0.09375,0.21875,0.09375,0.03125
AI_0147,AI,7.666666666666667,3,23,4.0,0.9130434782608695,0.0,0,0.0,0,0.0,6.695652173913044,0.20689655172413793,0.34782608695652173,0.08695652173913043,0.21739130434782608,0.17391304347826086,0.0
AI_0148,AI,8.333333333333334,3,25,4.0,0.96,0.3333333333333333,0,0.0,0,0.0,6.76,0.1935483870967742,0.36,0.2,0.08,0.08,0.0
AI_0149,AI,10.0,3,30,4.666666666666667,0.9333333333333333,0.0,0,0.0,0,0.0,5.6,0.16666666666666666,0.3333333333333333,0.1,0.23333333333333334,0.03333333333333333,0.0
AI_0150,AI,10.666666666666666,3,32,4.666666666666667,0.9375,0.0,0,0.0,1,0.03125,5.9375,0.13513513513513514,0.28125,0.09375,0.21875,0.09375,0.03125
AI_0151,AI,7.666666666666667,3,23,4.0,0.9130434782608695,0.0,0,0.0,0,0.0,6.695652173913044,0.20689655172413793,0.34782608695652173,0.08695652173913043,0.21739130434782608,0.17391304347826086,0.0
AI_0152,AI,8.333333333333334,3,25,4.0,0.96,0.3333333333333333,0,0.0,0,0.0,6.76,0.1935483870967742,0.36,0.2,0.08,0.08,0.0
AI_0153,AI,10.0,3,30,4.666666666666667,0.9333333333333333,0.0,0,0.0,0,0.0,5.6,0.16666666666666666,0.3333333333333333,0.1,0.23333333333333334,0.03333333333333333,0.0
AI_0154,AI,10.666666666666666,3,32,4.666666666666667,0.9375,0.0,0,0.0,1,0.03125,5.9375,0.13513513513513514,0.28125,0.09375,0.21875,0.09375,0.03125
AI_0155,AI,7.666666666666667,3,23,4.0,0.9130434782608695,0.0,0,0.0,0,0.0,6.695652173913044,0.20689655172413793,0.34782608695652173,0.08695652173913043,0.21739130434782608,0.17391304347826086,0.0
AI_0156,AI,8.333333333333334,3,25,4.0,0.96,0.3333333333333333,0,0.0,0,0.0,6.76,0.1935483870967742,0.36,0.2,0.08,0.08,0.0
AI_0157,AI,10.0,3,30,4.666666666666667,0.9333333333333333,0.0,0,0.0,0,0.0,5.6,0.16666666666666666,0.3333333333333333,0.1,0.23333333333333334,0.03333333333333333,0.0
AI_0158,AI,10.666666666666666,3,32,4.666666666666667,0.9375,0.0,0,0.0,1,0.03125,5.9375,0.13513513513513514,0.28125,0.09375,0.21875,0.09375,0.03125
AI_0159,AI,7.666666666666667,3,23,4.0,0.9130434782608695,0.0,0,0.0,0,0.0,6.695652173913044,0.20689655172413793,0.34782608695652173,0.08695652173913043,0.21739130434782608,0.17391304347826086,0.0
AI_0160,AI,8.333333333333334,3,25,4.0,0.96,0.3333333333333333,0,0.0,0,0.0,6.76,0.1935483870967742,0.36,0.2,0.08,0.08,0.0
AI_0161,AI,10.666666666666666,3,32,4.666666666666667,0.9375,0.0,0,0.0,0,0.0,5.53125,0.13513513513513514,0.28125,0.15625,0.21875,0.0625,0.03125
AI_0162,AI,10.333333333333334,3,31,4.333333333333333,0.967741935483871,0.5,0,0.0,1,0.03225806451612903,5.645161290322581,0.1388888888888889,0.3870967741935484,0.1935483870967742,0.16129032258064516,0.03225806451612903,0.06451612903225806
AI_0163,AI,8.25,4,33,4.5,0.9696969696969697,0.0,0,0.0,0,0.0,5.0,0.175,0.3333333333333333,0.18181818181818182,0.06060606060606061,0.06060606060606061,0.06060606060606061
AI_0164,AI,9.666666666666666,3,29,4.0,0.9655172413793104,0.0,0,0.0,0,0.0,6.551724137931035,0.12121212121212122,0.3793103448275862,0.13793103448275862,0.2413793103448276,0.034482758620689655,0.0
AI_0165,AI,10.0,3,30,4.333333333333333,0.9333333333333333,0.0,0,0.0,0,0.0,6.166666666666667,0.14285714285714285,0.3333333333333333,0.16666666666666666,0.16666666666666666,0.03333333333333333,0.03333333333333333
AI_0166,AI,10.333333333333334,3,31,4.333333333333333,0.967741935483871,0.3333333333333333,0,0.0,0,0.0,5.870967741935484,0.16216216216216217,0.3225806451612903,0.1935483870967742,0.12903225806451613,0.03225806451612903,0.0
AI_0167,AI,8.333333333333334,3,25,4.0,1.0,0.0,0,0.0,0,0.0,6.0,0.16666666666666666,0.36,0.08,0.16,0.08,0.0
AI_0168,AI,9.666666666666666,3,29,5.0,0.896551724137931,0.3333333333333333,0,0.0,0,0.0,6.103448275862069,0.14705882352941177,0.3103448275862069,0.1724137931034483,0.06896551724137931,0.10344827586206896,0.0
AI_0169,AI,10.0,3,30,4.333333333333333,0.9,0.0,0,0.0,0,0.0,4.966666666666667,0.14285714285714285,0.36666666666666664,0.1,0.16666666666666666,0.03333333333333333,0.03333333333333333
AI_0170,AI,9.666666666666666,3,29,4.666666666666667,0.9310344827586207,0.0,0,0.0,0,0.0,5.448275862068965,0.14705882352941177,0.3103448275862069,0.20689655172413793,0.1724137931034483,0.0,0.0
AI_0171,AI,9.666666666666666,3,29,4.333333333333333,0.9310344827586207,0.0,0,0.0,0,0.0,5.482758620689655,0.12121212121212122,0.3103448275862069,0.13793103448275862,0.1724137931034483,0.06896551724137931,0.0
AI_0172,AI,8.666666666666666,3,26,3.6666666666666665,1.0,0.0,0,0.0,0,0.0,5.884615384615385,0.1875,0.23076923076923078,0.23076923076923078,0.11538461538461539,0.23076923076923078,0.07692307692307693
AI_0173,AI,10.0,3,30,4.666666666666667,0.9333333333333333,0.0,0,0.0,0,0.0,5.6,0.16666666666666666,0.3333333333333333,0.1,0.23333333333333334,0.03333333333333333,0.0
AI_0174,AI,10.666666666666666,3,32,4.666666666666667,0.9375,0.0,0,0.0,1,0.03125,5.9375,0.13513513513513514,0.28125,0.09375,0.21875,0.09375,0.03125
AI_0175,AI,7.666666666666667,3,23,4.0,0.9130434782608695,0.0,0,0.0,0,0.0,6.695652173913044,0.20689655172413793,0.34782608695652173,0.08695652173913043,0.21739130434782608,0.17391304347826086,0.0
AI_0176,AI,8.333333333333334,3,25,4.0,0.96,0.3333333333333333,0,0.0,0,0.0,6.76,0.1935483870967742,0.36,0.2,0.08,0.08,0.0
AI_0177,AI,10.666666666666666,3,32,4.666666666666667,0.9375,0.0,0,0.0,0,0.0,5.53125,0.13513513513513514,0.28125,0.15625,0.21875,0.0625,0.03125
AI_0178,AI,10.333333333333334,3,31,4.333333333333333,0.967741935483871,0.5,0,0.0,1,0.03225806451612903,5.645161290322581,0.1388888888888889,0.3870967741935484,0.1935483870967742,0.16129032258064516,0.03225806451612903,0.06451612903225806
AI_0179,AI,8.25,4,33,4.5,0.9696969696969697,0.0,0,0.0,0,0.0,5.0,0.175,0.3333333333333333,0.18181818181818182,0.06060606060606061,0.06060606060606061,0.06060606060606061
AI_0180,AI,9.666666666666666,3,29,4.0,0.9655172413793104,0.0,0,0.0,0,0.0,6.551724137931035,0.12121212121212122,0.3793103448275862,0.13793103448275862,0.2413793103448276,0.034482758620689655,0.0
